customer_id,community
7590-VHVEG,1
5575-GNVDE,2
3668-QPYBK,1
7795-CFOCW,1
9237-HQITU,1
9305-CDSKC,1
1452-KIOVK,2
6713-OKOMC,1
7892-POOKP,2
6388-TABGU,0
9763-GRSKD,2
7469-LKBCI,4
8091-TTVAX,0
0280-XJGEX,0
5129-JLPIS,2
3655-SNQYZ,0
8191-XWSZG,5
9959-WOFKT,0
4190-MFLUW,1
4183-MYFRB,2
8779-QRDMV,3
1680-VDCWW,4
1066-JKSGK,4
3638-WEABW,0
6322-HRPFA,0
6865-JZNKO,2
6467-CHFZW,2
8665-UTDHZ,1
5248-YGIJN,0
8773-HHUOZ,2
3841-NFECX,3
4929-XIHVW,3
6827-IEAUQ,2
7310-EGVHZ,4
3413-BMNZE,3
6234-RAAPL,0
6047-YHPVI,1
6572-ADKRS,2
5380-WJKOV,2
8168-UQWWF,1
8865-TNMNX,1
9489-DEDVP,0
9867-JCZSP,4
4671-VJLCL,0
4080-IIARD,2
3714-NTNFO,0
5948-UJZLF,1
7760-OYPDY,1
7639-LIAYI,0
2954-PIBKO,0
8012-SOUDQ,3
9420-LOJKX,2
6575-SUVOI,3
7495-OOKFY,3
4667-QONEA,3
1658-BYGOY,3
8769-KKTPH,0
5067-XJQFU,3
3957-SQXML,5
5954-BDFSG,0
0434-CSFON,2
1215-FIGMP,0
0526-SXDJP,0
0557-ASKVU,2
5698-BQJOH,1
5122-CYFXA,1
8627-ZYGSZ,2
3410-YOQBQ,2
3170-NMYVV,5
7410-OIEDU,1
2273-QCKXA,1
0731-EBJQB,5
1891-QRQSA,3
8028-PNXHQ,5
5630-AHZIL,1
2673-CXQEU,3
6416-JNVRK,0
5590-ZSKRV,1
0191-ZHSKZ,3
3887-PBQAO,5
5919-TMRGD,1
8108-UXRQN,1
9191-MYQKX,1
9919-YLNNG,2
0318-ZOPWS,5
4445-ZJNMU,1
4808-YNLEU,2
1862-QRWPE,5
2796-NNUFI,5
3016-KSVCP,1
4767-HZZHQ,2
2424-WVHPL,3
7233-PAHHL,0
6067-NGCEU,0
9848-JQJTX,0
8637-XJIVR,2
9803-FTJCG,0
0278-YXOOG,4
3212-KXOCR,5
4598-XLKNJ,3
6380-ARCEH,4
3679-XASPY,4
7123-WQUHX,2
5386-THSLQ,3
3192-NQECA,0
6180-YBIQI,1
6728-DKUCO,0
9750-BOOHV,1
8597-CWYHH,2
2848-YXSMW,5
0486-HECZI,0
4549-ZDQYY,0
5712-AHQNN,2
4846-WHAFZ,3
5256-SKJGO,0
3071-VBYPO,1
9560-BBZXK,1
5299-RULOA,1
8402-OOOHJ,5
9445-ZUEQE,2
1091-SOZGA,0
2928-HLDBA,4
0404-SWRVG,1
6497-TILVL,1
7219-TLZHO,4
4622-YNKIJ,2
4412-YLTKF,3
6734-PSBAW,5
3930-ZGWVE,4
2639-UGMAZ,3
2876-GZYZC,2
6207-WIOLX,1
8587-XYZSF,0
3091-FYHKI,1
2372-HWUHI,1
7799-LGRDP,5
7850-VWJUU,2
3774-VBNXY,5
6217-KDYWC,5
0390-DCFDQ,3
3146-MSEGF,3
4080-OGPJL,1
1095-WGNGG,0
2636-SJDOU,0
1131-QQZEB,6
5716-EZXZN,0
6837-BJYDQ,4
2135-RXIHG,1
6440-DKQGE,2
3466-BYAVD,2
3780-YVMFA,1
3874-EQOEP,1
1679-JRFBR,0
9073-ZZIAY,0
3077-RSNTJ,4
6551-GNYDG,2
9167-APMXZ,2
2749-CTKAJ,4
6371-NZYEG,2
7554-NEWDD,4
8992-VONJD,2
0867-MKZVY,2
4482-EWFMI,1
4648-YPBTM,0
2907-ILJBN,4
6345-FZOQH,5
3376-BMGFE,1
5997-OPVFA,0
3445-HXXGF,3
1159-WFSGR,4
7654-YWJUF,2
1875-QIVME,1
6727-IOTLZ,2
0691-JVSYA,0
5918-VUKWP,4
1744-JHKYS,4
2656-FMOKZ,3
2070-FNEXE,3
5947-SGKCL,2
3712-PKXZA,5
6317-YPKDH,1
6582-OIVSP,1
9367-WXLCH,1
5524-KHNJP,2
1918-ZBFQJ,2
1024-GUALD,1
4827-USJHP,2
8167-GJLRN,1
0956-SYCWG,4
8017-UVSZU,2
7100-FQPRV,2
2472-OVKUP,1
2984-RGEYA,5
9680-NIAUV,0
2146-EGVDT,5
2604-IJPDU,2
9178-JHUVJ,5
6168-YBYNP,0
7255-SSFBC,0
3645-DEYGF,4
9323-HGFWY,2
8544-GOQSH,2
3363-DTIVD,0
7018-WBJNK,2
9142-KZXOP,2
7674-YTAFD,2
6348-SNFUS,0
1285-OKIPP,1
7825-ECJRF,2
1347-KTTTA,0
7841-TZDMQ,1
4195-NZGTA,1
7157-SMCFK,5
4709-LKHYG,4
2504-DSHIH,3
0699-NDKJM,0
9286-BHDQG,0
0230-WEQUW,0
2040-LDIWQ,0
6496-JDSSB,1
9408-SSNVZ,1
4443-EMBNA,5
6469-MRVET,4
0742-MOABM,1
5961-VUSRV,4
6778-JFCMK,1
6341-JVQGF,2
2232-DMLXU,1
4811-JBUVU,2
0945-TSONX,0
2651-ZCBXV,0
3316-UWXUY,0
8937-RDTHP,1
7083-MIOPC,5
1984-GPTEH,4
1251-KRREG,1
0621-JFHOL,1
9903-LYSAB,2
0094-OIFMO,3
9227-UAQFT,4
7301-ABVAD,0
6614-FHDBO,0
7576-ASEJU,2
9058-HRZSV,3
4522-AKYLR,3
0221-WMXNQ,3
0303-UNCIP,2
9947-OTFQU,3
0322-YINQP,1
0959-WHOKV,2
4075-JFPGR,0
4629-NRXKX,1
9514-JDSKI,3
3282-ZISZV,2
3675-YDUPJ,4
4111-BNXIF,0
7017-VFHAY,0
6655-LHBYW,0
4959-JOSRX,1
5046-NUHWD,3
7273-TEFQD,3
3606-TWKGI,3
7529-ZDFXI,3
7605-BDWDC,1
1950-KSVVJ,0
0123-CRBRT,0
6292-TOSSS,5
3197-ARFOY,3
6323-AYBRX,5
7014-ZZXAW,5
4385-GZQXV,3
7633-MVPUY,0
6366-ZGQGL,1
4716-HHKQH,3
5940-AHUHD,1
6432-TWQLB,1
4484-GLZOU,0
3179-GBRWV,3
8645-KWHJO,1
4130-MZLCC,1
0314-TKOSI,1
8229-MYEJZ,1
2080-SRCDE,4
9577-WJVCQ,0
9512-UIBFX,2
6202-DYYFX,2
3808-HFKDE,2
5583-SXDAG,1
3488-PGMQJ,3
3580-REOAC,1
7534-BFESC,3
3727-OWVYD,2
2294-SALNE,2
4847-TAJYI,3
1563-IWQEX,4
8203-XJZRC,4
6556-DBKZF,0
6851-WEFYX,3
2985-JUUBZ,2
6390-DSAZX,1
0895-LMRSF,2
8098-LLAZX,3
8266-VBFQL,1
8181-YHCMF,0
2240-HSJQD,2
1248-DYXUB,5
0265-EDXBD,3
4115-BNPJY,2
3167-SNQPL,3
4091-TVOCN,0
1098-TDVUQ,4
7277-OZCGZ,2
1557-EMYVT,0
2799-ARNLO,3
7563-BIUPC,1
5027-YOCXN,0
3973-SKMLN,5
2321-OMBXY,2
2840-XANRC,3
6745-JEFZB,2
5020-ZSTTY,3
9880-TDQAC,0
8705-WZCYL,1
7102-JJVTX,1
8626-PTQGE,0
4983-CLMLV,0
5701-YVSVF,3
5804-LEPIM,3
5697-GOMBF,3
2739-CACDQ,3
9385-EHGDO,5
9498-FIMXL,4
2379-GYFLQ,2
0122-OAHPZ,1
2868-SNELZ,1
4322-RCYMT,0
6680-NENYN,0
2088-IEBAU,0
7982-VCELR,2
1343-EHPYB,0
6035-BXTTY,3
6885-PKOAM,0
7520-HQWJU,0
9639-BUJXT,5
5924-SNGKP,5
0021-IKXGC,3
2034-GDRCN,1
8966-SNIZF,5
6243-OZGFH,1
4654-DLAMQ,3
0513-RBGPE,2
5160-UXJED,2
4115-NZRKS,3
0219-YTZUE,1
0623-IIHUG,3
4572-DVCGN,1
3351-NGXYI,3
8984-EYLLL,0
9057-MSWCO,3
9833-TGFHX,2
9294-TDIPC,4
5229-DTFYB,0
0104-PPXDV,0
5176-LMJXE,5
3583-KRKMD,2
1010-DIAUQ,1
9069-LGEUL,2
7302-ZHMHP,4
9571-EDEBV,0
3520-FJGCV,0
6563-VRERX,4
0259-GBZSH,1
6122-EFVKN,1
2805-EDJPQ,0
6862-CQUMB,2
7156-MXBJE,2
6158-HDPXZ,1
9601-BRXPO,2
2863-IMQDR,0
5686-CMAWK,2
5651-CRHKQ,2
6905-NIQIN,1
8204-YJCLA,3
5167-ZFFMM,1
6583-SZVGP,0
4895-TMWIR,6
0533-BNWKF,3
1708-PBBOA,1
8782-LKFPK,2
5522-JBWMO,1
3597-MVHJT,2
9774-NRNAU,3
0224-RLWWD,3
9967-ATRFS,4
3951-NJCVI,3
2977-CEBSX,0
0177-PXBAT,3
6599-CEBNN,2
2519-ERQOJ,3
5876-QMYLD,4
2277-AXSDC,4
9442-JTWDL,4
0979-PHULV,0
3067-SVMTC,0
5495-GPSRW,4
7606-BPHHN,5
4742-DRORA,0
0111-KLBQG,3
4800-VHZKI,4
7989-CHGTL,4
0334-GDDSO,3
4163-NCJAK,5
5233-AOZUF,2
5973-EJGDP,0
1996-DBMUS,3
7916-VCCPB,2
4686-GEFRM,0
5249-QYHEX,5
0578-SKVMF,2
5564-NEMQO,3
2233-FAGXV,4
5605-IYGFG,1
7663-ZTEGJ,2
3935-TBRZZ,5
8111-BKVDS,1
2055-SIFSS,3
2806-MLNTI,3
8734-DKSTZ,1
4360-PNRQB,2
6152-ONASV,0
9063-ZGTUY,5
7781-HVGMK,0
2181-UAESM,1
2957-LOLHO,2
6048-NJXHX,5
2320-SLKMB,1
4980-URKXC,4
4376-KFVRS,0
5886-VLQVU,2
3577-AMVUX,1
0771-WLCLA,2
5628-RKIFK,3
0206-TBWLC,0
2937-FTHUR,2
1910-FMXJM,2
7752-XUSCI,0
4110-PFEUZ,1
0732-OCQOC,5
5168-MSWXT,1
1090-ESELR,0
8592-PLTMQ,5
5760-WRAHC,3
8847-GEOOQ,0
0256-LTHVJ,2
4785-FCIFB,5
8313-NDOIA,2
5149-CUZUJ,2
0942-KOWSM,2
4237-CLSMM,4
1452-VOQCH,1
4719-UMSIY,4
6614-VBEGU,2
0880-TKATG,1
3811-VBYBZ,1
1480-BKXGA,3
2996-XAUVF,0
9076-AXYIK,3
5968-XQIVE,0
8896-RAZCR,5
4640-UHDOS,2
4933-IKULF,6
3583-EKAPL,1
1304-BCCFO,1
4104-PVRPS,2
9399-APLBT,1
2359-KMGLI,2
3780-DDGSE,3
4431-EDMIQ,1
0306-JAELE,1
6227-HWPWX,2
0486-LGCCH,4
0447-BEMNG,0
4612-SSVHJ,3
5168-MQQCA,0
5949-XIKAE,1
7971-HLVXI,0
9094-AZPHK,2
3649-JPUGY,0
4472-LVYGI,1
8372-JUXUI,1
3552-CTCYF,0
6778-YSNIH,1
0388-EOPEX,1
5756-OZRIO,3
6579-JPICP,4
8205-OTCHB,1
4134-BSXLX,2
0505-SPOOW,5
6235-VDHOM,3
7783-YKGDV,2
4374-YMUSQ,2
4513-CXYIX,3
3957-HHLMR,0
7803-XOCCZ,0
5736-YEJAX,0
5609-CEBID,3
8981-FJGLA,1
7218-HKQFK,1
4636-QRJKY,1
1135-LMECX,4
4332-MUOEZ,3
8535-SFUTN,0
5956-VKDTT,3
8677-HDZEE,0
2475-MROZF,2
9412-GHEEC,2
3482-ABPKK,2
6705-LXORM,3
0257-ZESQC,3
7531-GQHME,4
5174-ITUMV,0
4109-CYRBD,3
0913-XWSCN,0
6825-UYPFK,2
8397-MVTAZ,2
0750-EBAIU,0
8606-CIQUL,3
3571-DPYUH,0
7601-GNDYK,5
0356-OBMAC,3
8067-NIOYM,4
1403-GYAFU,5
4234-XTNEA,1
1297-VQDRP,3
9282-IZGQK,1
5348-CAGXB,2
0621-HJWXJ,0
5844-QVTAT,2
8905-IAZPF,0
5394-MEITZ,0
6859-QNXIQ,0
2782-LFZVW,1
2866-IKBTM,4
1342-JPNKI,1
2817-NTQDO,1
7129-AZJDE,2
6986-IJDHX,2
2560-PPCHE,0
4676-MQUEA,3
8138-EALND,4
3580-HYCSP,0
1352-HNSAW,0
2075-PUEPR,5
1982-FEBTD,5
5301-GAUUY,2
5791-KAJFD,0
2654-VBVPB,4
1154-HYWWO,2
2501-XWWTZ,1
3716-UVSPD,1
6815-ABQFQ,0
7343-EOBEU,4
3701-SFMUH,1
6103-LIANB,0
7319-VENRZ,1
5846-NEQVZ,0
6967-QIQRV,2
5781-RFZRP,0
0939-YAPAF,2
0308-IVGOK,1
7293-LSCDV,5
7025-WCBNE,3
5756-JYOJT,1
4710-FDUIZ,0
6030-REHUX,3
9548-LIGTA,0
5150-LJNSR,2
8270-RKSAP,1
6522-YRBXD,3
2640-LYMOV,4
1218-VKFPE,4
3627-FHKBK,1
2865-TCHJW,3
1423-BMPBQ,4
2393-DIVAI,4
5192-EBGOV,3
4568-KNYWR,0
8752-IMQOS,4
0742-LAFQK,0
0795-LAFGP,0
0619-OLYUR,0
5512-IDZEI,5
0459-SPZHJ,0
0215-BQKGS,2
9244-ZVAPM,1
0719-SYFRB,2
8208-EUMTE,1
5172-MIGPM,1
1710-RCXUS,0
0374-FIUCA,5
5839-SUYVZ,2
5173-ZXXXL,4
1096-ADRUX,0
2001-MCUUW,0
2731-GJRDG,2
4723-BEGSG,0
6516-NKQBO,0
8672-OAUPW,0
8207-DMRVL,0
3419-SNJJD,3
6543-CPZMK,1
4765-OXPPD,1
2804-ETQDK,5
6689-VRRTK,3
7138-GIRSH,0
9396-ZSFLL,2
6464-KEXXH,1
7134-MJPDY,3
5240-CAOYT,0
4059-IIEBK,1
4881-JVQOD,3
0516-UXRMT,0
4851-BQDNX,2
5148-HKFIR,4
1009-IRMNA,4
3003-CMDUU,2
5016-IBERQ,2
6797-UCJHZ,3
2469-DTSGX,3
4554-YGZIH,3
5099-BAILX,3
9931-KGHOA,2
1775-KWJKQ,0
7665-VIGUD,4
9411-TPQQV,1
7207-RMRDB,0
7954-MLBUN,2
2077-DDHJK,0
4913-EHYUI,3
0195-IESCP,1
9574-BOSMD,5
4580-TMHJU,2
0970-ETWGE,1
4908-XAXAY,3
8404-VLQFB,4
1626-ERCMM,3
0887-HJGAR,1
2391-IPLOP,0
5644-PDMZC,3
3509-GWQGF,3
9576-ANLXO,1
2024-BASKD,1
5845-BZZIB,5
1140-UKVZG,4
4160-AMJTL,6
5183-SNMJQ,1
8100-PNJMH,0
7838-LAZFO,2
4464-JCOLN,4
2085-JVGAD,5
5650-VDUDS,1
8095-WANWK,1
3030-ZKIWL,4
9565-FLVCG,0
8755-OGKNA,5
2800-VEQXM,1
7538-GWHML,1
5533-RJFTJ,0
3859-CVCET,1
0214-JHPFW,0
5642-MHDQT,5
3088-FVYWK,5
3276-HDUEG,1
9092-GDZKO,4
0823-HSCDJ,3
3729-OWRVL,3
2324-AALNO,5
0822-GAVAP,1
5760-IFJOZ,1
2826-UWHIS,2
1448-PWKYE,1
7501-IWUNG,0
4957-TREIR,1
7251-LJBQN,3
8040-MNRTF,1
1536-HBSWP,1
5313-FPXWG,5
0067-DKWBL,3
0946-FKYTX,1
5076-YVXCM,0
8262-COGGB,4
6663-JOCQO,2
9620-QJREV,5
2276-YDAVZ,1
2682-KEVRP,6
2480-JZOSN,4
0078-XZMHT,0
5896-NPFWW,1
9978-HYCIN,3
8338-QIUNR,0
1525-LNLOJ,0
9450-TRJUU,2
1766-GKNMI,2
6942-LBFDP,4
1456-TWCGB,1
7133-VBDCG,2
7596-ZYWBB,0
8329-UTMVM,3
3014-WJKSM,2
3347-YJZZE,2
1029-QFBEN,4
7929-DMBCV,2
9661-JALZV,5
5433-KYGHE,2
4312-KFRXN,5
5575-TPIZQ,2
0114-IGABW,0
9944-AEXBM,2
1853-ARAAQ,1
6952-OMNWB,3
4697-LUPSU,4
8434-VGEQQ,5
4952-YSOGZ,1
1589-AGTLK,1
5244-IRFIH,3
6549-YMFAW,6
4950-HKQTE,4
6786-OBWQR,1
2684-EIWEO,3
2753-JMMCV,0
6439-GTPCA,2
6621-YOBKI,4
1216-JWVUX,2
7564-GHCVB,0
1173-NOEYG,2
7595-EHCDL,1
6647-ZEDXT,2
2521-NPUZR,0
1307-TVUFB,3
7503-MIOGA,3
4381-MHQDC,0
6923-JHPMP,1
5138-WVKYJ,1
4018-PPNDW,5
1635-FJFCC,1
2499-AJYUA,3
6919-ELBGL,3
3966-HRMZA,3
6425-JWTDV,5
8405-IGQFX,0
8224-IVVPA,2
9477-LGWQI,0
1410-RSCMR,1
3115-CZMZD,4
0139-IVFJG,1
6683-VLCTZ,3
5730-DBDSI,5
0030-FNXPP,4
2189-WWOEW,2
5684-FJVYR,0
4013-GUXND,4
1894-IGFSG,2
7379-POKDZ,1
1266-NZYUI,0
7969-FFOWG,5
4718-DHSMV,1
5175-WLYXL,2
7817-OMJNA,4
8728-SKJLR,2
3137-NYQQI,2
7706-DZNKK,4
0236-HFWSV,2
3900-AQPHZ,4
5842-POCOP,1
2037-XJFUP,2
8823-RLPWL,0
9505-SQFSW,1
7314-OXENN,1
3758-CKOQL,0
0322-CHQRU,1
5676-CFLYY,0
7521-AFHAB,1
0285-INHLN,2
4678-DVQEO,1
5125-CNDSP,1
0691-IFBQW,3
4992-LTJNE,0
2202-OUTMO,2
0810-BDHAW,2
0229-LFJAF,0
7131-ZQZNK,0
3442-ZHHCC,0
5726-CVNYA,4
9871-ELEYA,2
4257-GAESD,1
5173-WXOQV,1
2040-OBMLJ,2
6286-ZHAOK,4
3807-XHCJH,4
3009-JWMPU,0
5671-RQRLP,3
1450-GALXR,1
8859-AXJZP,5
3174-AKMAS,2
3138-BKYAV,1
9926-PJHDQ,0
7382-DFJTU,2
2798-NYLMZ,0
4289-DTDKW,2
1820-TQVEV,1
2239-JALAW,0
4853-RULSV,0
8098-TDCBU,5
3551-GAEGL,1
4785-NKHCX,6
3196-NVXLZ,2
6275-YDUVO,1
0036-IHMOT,0
0115-TFERT,2
4178-EGMON,0
4220-TINQT,0
5318-YKDPV,0
7975-TZMLR,0
0295-QVKPB,1
4335-BSMJS,5
2311-QYMUQ,2
3643-AHCFP,3
9146-JRIOX,4
3104-OWCGK,0
5337-IIWKZ,1
9101-BWFSS,0
9650-VBUOG,5
3487-EARAT,0
2672-TGEFF,2
9231-ZJYAM,3
4250-WAROZ,3
8184-WMOFI,0
6982-SSHFK,1
6092-QZVPP,2
4625-LAMOB,5
0727-BMPLR,3
0392-BZIUW,0
1038-ZAGBI,4
6549-NNDYT,1
3027-ZTDHO,1
0422-OHQHQ,4
6916-HIJSE,0
2316-ESMLS,1
9778-OGKQZ,0
7408-OFWXJ,0
6007-TCTST,0
2252-NKNSI,0
8713-IGZSO,4
7905-TVXTA,1
7695-PKLCZ,5
2382-BCKQJ,0
8374-UULRV,0
2207-NHRJK,1
3224-DFQNQ,0
5275-PMFUT,0
4795-UXVCJ,4
9777-IQHWP,0
0947-MUGVO,3
9944-HKVVB,1
4124-MMETB,2
3671-SHRSP,1
0979-MOZQI,0
2732-ISEZX,4
3313-QKNKB,0
0323-XWWTN,4
1937-OTUKY,0
1573-LGXBA,0
1764-VUUMT,5
5073-WXOYN,0
4713-ZBURT,0
3050-GBUSH,1
0207-MDKNV,2
7876-AEHIG,0
7945-HLKEA,0
9342-VNIMQ,2
9851-KIELU,1
3523-BRGUW,6
3908-BLSYF,1
3199-NPKCN,0
5170-PTRKA,1
4661-NJEUX,4
2123-AGEEN,3
1258-YMZNM,3
0048-LUMLS,2
7549-MYGPK,0
5898-IGSLP,2
3804-RVTGV,0
6259-WJQLC,3
9227-LUNBG,1
7997-EASSD,0
0730-KOAVE,2
8975-SKGRX,0
0678-RLHVP,0
4315-MURBD,2
2267-FPIMA,0
1051-GEJLJ,4
9734-YWGEX,1
2719-BDAQO,2
5285-MVEHD,0
0379-DJQHR,0
0781-LKXBR,3
5543-QDCRY,1
0297-RBCSG,2
4694-PHWFW,4
0835-JKADZ,0
1907-UBQFC,3
7508-SMHXL,3
3865-YIOTT,0
5993-BQHEA,4
6024-RUGGH,5
6513-EECDB,3
3956-CJUST,3
4079-WWQQQ,0
6103-BOCOU,2
5149-TGWDZ,2
7471-WNSUF,5
8942-DBMHZ,4
4301-VVZKA,2
9199-PWQVC,0
4824-GUCBY,3
5393-HJZSM,2
7074-IEVOJ,3
9625-QSTYE,2
0862-PRCBS,0
8812-ZRHFP,2
5146-CBVOE,2
0454-OKRCT,2
5787-KXGIY,5
4750-ZRXIU,3
4198-VFOEA,1
6630-UJZMY,3
5709-LVOEQ,1
6400-BWQKW,1
2692-AQCPF,0
0347-UBKUZ,4
0835-DUUIQ,4
0811-GSDTP,1
7567-ECMCM,2
6115-ZTBFQ,0
6353-BRMMA,0
6680-WKXRZ,1
6231-WFGFH,4
9904-EHEVJ,3
7028-DVOIQ,3
6169-PPETC,5
4208-UFFGW,3
8584-KMVXD,1
8467-WYNSR,2
0851-DFJKB,2
5382-SOYZL,2
9448-REEVD,1
3261-CQXOL,5
8388-FYNPZ,1
4002-BQWPQ,2
5651-YLPRD,2
2826-DXLQO,3
4378-BZYFP,4
9489-UTFKA,3
4849-PYRLQ,3
9117-SHLZX,1
9889-TMAHG,3
4541-RMRLG,4
7764-BDPEE,4
3429-IFLEM,0
3158-MOERK,1
7294-TMAOP,1
5002-GCQFH,0
0556-FJEGU,0
8919-FYFQZ,3
0604-THJFP,0
2834-JRTUA,0
5875-YPQFJ,1
5879-SESNB,1
6646-QVXLR,3
6461-PPAXN,2
3318-ISQFQ,4
1106-HRLKZ,5
2483-XSSMZ,2
8603-IJWDN,1
8165-ZJRNM,5
9369-XFEHK,3
2604-XVDAM,2
3717-OFRTN,4
9046-JBFWA,4
3280-NMUVX,4
1206-EHBDD,0
8361-LBRDI,5
4883-KCPZJ,5
9108-EQPNQ,4
7277-KAMWT,4
3842-IYKUE,2
6641-XRPSU,2
1374-DMZUI,3
2545-LXYVJ,5
3234-VKACU,1
8357-EQXFO,1
1989-PRJHP,3
8120-JDCAM,1
8917-FAEMR,4
7047-YXDMZ,4
2858-EIMXH,3
9524-EGPJC,2
6993-OHLXR,1
8818-XYFCQ,2
6419-ZTTLE,6
0929-HYQEW,1
6614-YOLAC,0
7426-RHZGU,1
4065-JJAVA,1
4695-VADHF,2
3863-IUBJR,2
7649-SIJJF,0
9361-YNQWJ,5
3748-FVMZZ,1
9391-TTOYH,4
1452-XRSJV,2
3422-WJOYD,2
8242-SOQUO,3
7460-ITWWP,3
7147-AYBAA,2
7868-TMWMZ,3
4822-RVYBB,3
6732-FZUGP,0
8436-BJUMM,2
4184-TJFAN,3
8329-GWVPJ,0
1352-VHKAJ,2
4145-UQXUQ,3
2632-TACXW,5
8146-QQKZH,0
1767-CJKBA,5
6445-TNRXS,0
4581-LNWUM,1
4869-EPIUS,0
9948-YPTDG,2
1236-WFCDV,3
1915-OAKWD,4
7296-PIXQY,2
4883-QICIH,2
3354-OADJP,1
3524-WQDSG,2
0810-DHDBD,0
4026-SKKHW,1
2829-HYVZP,4
8329-IBCTI,4
1271-SJBGZ,3
3845-JHAMY,1
7013-PSXHK,2
5669-SRAIP,1
5981-ITEMU,2
3486-NPGST,4
6941-PMGEP,1
1624-WOIWJ,1
2074-GKOWZ,1
0376-YMCJC,2
6100-FJZDG,4
4829-ZLJTK,3
1730-VFMWO,2
7143-BQIBA,1
3800-LYTRK,2
0634-SZPQA,2
9646-NMHXE,5
7030-NJVDP,2
5536-RTPWK,0
8883-GRDWQ,3
6166-ILMNY,1
3097-NNSPB,1
7771-ZONAT,1
0655-RBDUG,1
2111-DWYHN,4
4194-WHFCB,0
4121-AGSIN,5
4361-BKAXE,0
9845-PEEKO,3
0455-XFASS,1
0301-KOBTQ,4
1751-NCDLI,3
4367-NUYAO,4
9878-TNQGW,1
9170-ARBTB,5
4441-NIHPT,3
8999-BOHSE,3
7241-AJHFS,2
7029-RPUAV,3
4546-FOKWR,2
9036-CSKBW,0
5832-TRLPB,2
8590-YFFQO,0
8659-IOOPU,0
1338-CECEE,2
7439-DKZTW,1
4646-QZXTF,1
4607-CHPCA,2
9742-XOKTS,0
6921-OZMFH,1
9578-FOMUK,4
4712-UYOOI,4
8824-RWFXJ,1
7722-CVFXN,0
8717-VCTXJ,4
7363-QTBIW,1
4159-NAAIX,0
0971-QIFJK,5
9397-TZSHA,5
3391-JSQEW,2
0343-QLUZP,0
9763-PDTKK,1
2176-LVPNX,3
7627-JKIAZ,2
3312-UUMZW,2
1271-UODNO,2
8461-EFQYM,4
6900-RBKER,0
6891-JPYFF,0
1459-QNFQT,0
1047-NNCBF,2
3696-XRIEN,0
4081-DYXAV,1
0074-HDKDG,2
8791-GFXLZ,2
8111-SLLHI,3
0927-LCSMG,1
9330-DHBFL,2
0098-BOWSO,4
3452-ABWRL,3
5859-HZYLF,5
8257-RZAHR,2
5293-WXJAK,3
3156-QLHBO,4
2208-NQBCT,2
1779-PWPMG,3
6621-NRZAK,5
0831-JNISG,5
0774-IFUVM,1
3082-WQRVY,6
9553-DLCLU,2
1641-BYBTK,4
2460-NGXBJ,3
2446-ZKVAF,2
0841-NULXI,1
3522-CDKHF,2
1430-SFQSA,1
0411-EZJZE,1
7851-WZEKY,1
8844-TONUD,2
8807-ARQET,1
8992-CEUEN,4
4320-QMLLA,1
8777-PVYGU,0
8292-ITGYJ,5
6870-ZWMNX,0
0621-CXBKL,5
5268-DSMNQ,3
5334-JLAXU,0
4086-YQSNZ,3
6242-MBHPK,3
5868-CZJDR,1
9359-UGBTK,0
0135-NMXAP,2
4782-OSFXZ,3
6479-OAUSD,4
7129-ACFOG,1
4189-NAKJS,2
5562-BETPV,4
1282-IHQAC,3
9127-FHJBZ,0
6270-OMFIW,0
1641-RQDAY,3
0107-WESLM,4
6994-ORCWG,2
1346-UFHAX,2
3992-YWPKO,1
2933-XEUJM,0
0125-LZQXK,2
5461-QKNTN,3
4835-YSJMR,2
8399-YNDCH,3
3164-YAXFY,0
0887-WBJVH,0
4660-IRIBM,2
5673-FSSMF,1
7670-ZBPOQ,0
8089-UZWLX,3
0080-OROZO,2
3916-NRPAP,1
6807-SIWJI,2
8221-HVAYI,2
1579-KLYDT,1
5232-NXPAY,0
8967-SZQAS,2
4468-KAZHE,3
0455-ENTCR,0
8944-AILEF,4
5542-NKVRU,5
7126-RBHSD,2
5370-IIVVL,2
6789-HJBWG,2
3927-NLNRY,0
9087-EYCPR,5
6791-YBNAK,1
6358-LYNGM,1
6077-BDPXA,1
0013-MHZWF,1
5494-HECPR,1
8268-YDIXR,0
9824-BEMCV,2
1373-ORVIZ,1
4291-SHSBH,1
6980-IMXXE,5
9866-QEVEE,2
9897-KXHCM,1
0040-HALCW,5
0784-GTUUK,5
7979-CORPM,2
2294-DMMUS,0
0872-JCPIB,2
3055-MJDSB,1
9091-WTUUY,0
1618-CFHME,1
3165-HDOEW,1
6581-NQCBA,1
7115-IRDHS,5
8496-DMZUK,2
2040-VZIKE,0
9068-VPWQQ,0
0178-SZBHO,2
0384-RVBPI,2
1689-MRZQR,2
1299-AURJA,5
4525-VZCZG,0
1543-LLLFT,3
5835-BEQEU,1
2788-CJQAQ,4
5565-FILXA,3
0319-QZTCO,1
2120-SMPEX,4
0096-FCPUF,2
0668-OGMHD,1
5552-ZNFSJ,1
2223-KAGMX,4
6507-ZJSUR,3
9408-HRXRK,0
5593-SUAOO,2
7321-PKUYW,1
2833-SLKDQ,1
6766-HFKLA,0
7595-EUIVN,1
7617-EYGLW,4
2026-TGDHM,1
9220-ZNKJI,3
4030-VPZBD,1
2226-ICFDO,0
0723-VSOBE,3
5529-GIBVH,5
4187-CINZD,3
9992-UJOEL,1
4741-WWJQZ,1
6625-UTXEW,2
6818-WOBHJ,3
6244-BESBM,0
1004-NOZNR,3
1251-STYSZ,3
2612-PHGOX,0
2408-TZMJL,0
8480-PPONV,0
8780-IHCRN,5
4598-ZADCK,0
1257-SXUXQ,4
9681-KYGYB,3
7182-OVLBJ,0
5095-ETBRJ,0
7005-CYUIL,3
4821-WQOYN,5
4730-AWNAU,1
3452-FLHYD,4
2388-LAESQ,3
9531-NSBMR,4
6260-ONULR,1
4389-UEFCZ,0
8711-LOBKY,5
9134-CEQMF,3
8985-OOPOS,1
8800-ZKRFW,2
2616-FLVQC,5
9968-FFVVH,0
3108-PCCGG,3
7993-PYKOF,1
8390-FESFV,0
3022-BEXHZ,0
5027-XWQHA,1
6248-TKCQV,0
6729-GDNGC,3
6198-ZFIOJ,1
5989-OMNJE,1
4566-QVRRW,1
1291-CUOCY,0
9795-SHUHB,0
3230-IUALN,0
0042-RLHYP,5
8519-IMDHU,3
4945-RVMTE,2
0201-OAMXR,0
1866-NXPSP,2
3372-KWFBM,3
7831-QGOXH,2
6393-WRYZE,2
3941-XTSKM,1
1661-CZBAU,0
6599-RCLCJ,0
9831-BPFRI,2
5158-RIVOP,4
9788-YTFGE,4
9277-JOOMO,4
1907-YLNYW,1
1725-MIMXW,4
8947-YRTDV,2
3161-ONRWK,0
0114-RSRRW,4
4565-NLZBV,5
0031-PVLZI,4
7206-GZCDC,3
6682-VCIXC,1
4791-QRGMF,0
6475-VHUIZ,2
3910-MRQOY,5
0661-WCQNQ,2
7537-RBWEA,1
4656-CAURT,5
0121-SNYRK,1
1768-ZAIFU,3
4671-LXRDQ,1
3733-LSYCE,2
6265-FRMTQ,4
1934-SJVJK,4
3838-OZURD,0
1371-DWPAZ,1
9269-CQOOL,1
2017-CCBLH,4
7690-KPNCU,0
0536-BGFMZ,4
2293-IJWPS,0
2845-HSJCY,2
5469-NUJUR,4
1184-PJVDB,1
2625-TRCZQ,0
4102-HLENU,0
7266-GSSJX,4
7722-VJRQD,0
7073-QETQY,5
9415-DPEWS,2
5624-RYAMH,4
0196-JTUQI,1
7130-YXBRO,0
9272-LSVYH,1
7943-RQCHR,1
3793-MMFUH,3
3249-ZPQRG,1
2568-BRGYX,1
3084-DOWLE,0
1084-MNSMJ,0
7721-JXEAW,0
7249-WBIYX,1
4238-HFHSN,3
6250-CGGUN,0
5478-JJVZK,2
7596-IIWYC,4
6567-HOOPW,3
9793-WECQC,2
4291-HPAXL,4
8999-YPYBV,0
1839-FBNFR,5
3164-AALRN,1
3071-MVJCD,0
1697-BCSHV,0
0562-KBDVM,0
1131-SUEKT,0
3717-OEAUQ,1
4538-WNTMJ,5
3334-CTHOL,1
4704-ERYFC,2
9432-RUVSL,0
8060-HIWJJ,0
7684-XSZIY,5
9089-UOWJG,2
8621-MNIHH,3
8039-ACLPL,0
9885-AIBVB,2
1934-MKPXS,4
2592-YKDIF,4
2272-JKMSI,0
0471-LVHGK,2
9518-RWHZL,0
8714-CTZJW,1
3569-EDBPQ,2
3131-NWVFJ,4
7521-YXVZY,4
5419-CONWX,3
6240-EURKS,1
2373-NTKOD,1
1970-KKFWL,5
6960-HVYXR,1
9337-SRRNI,5
0895-UADGO,1
5678-VFNEQ,0
5977-CKHON,2
7024-OHCCK,3
2692-BUCFV,3
7861-UVUFT,2
1830-GGFNM,0
5302-BDJNT,2
5223-UZAVK,0
4859-ZSRDZ,0
5651-WYIPH,3
9350-VLHMB,0
3498-LZGQZ,5
8785-CJSHH,0
5357-TZHPP,3
3870-SPZSI,0
0680-DFNNY,2
7560-QRBXH,5
7077-XJMET,2
8752-GHJFU,3
6896-SRVYQ,3
7767-UXAGJ,1
4652-ODEVH,5
6510-UPNKS,4
6718-BDGHG,2
9046-DQMTP,4
6439-LAJXL,1
1571-SAVHK,2
9052-VKDUW,3
9546-CQJSU,1
1666-JZPZT,2
5777-KJIRB,2
0506-LVNGN,3
7677-SJJJK,4
2480-EJWYP,3
3253-HKOKL,0
7055-HNEOJ,1
5514-YQENT,0
3211-AAPKX,2
8445-DNBAE,1
2951-QOQTK,1
2958-NHPPS,4
6806-YDEUL,6
1735-XMJVH,4
6890-PFRQX,2
0222-CNVPT,3
5899-OUVKV,2
8681-ICONS,4
1621-YNCJH,0
3473-XIIIT,2
6362-QHAFM,2
7893-IXHRQ,4
3070-BDOQC,0
2952-QAYZF,1
6234-PFPXL,2
9824-QCJPK,4
4763-PGDPO,1
4283-IVYCI,1
1866-OBPNR,1
8205-MQUGY,2
8970-ANWXO,2
9480-BQJEI,0
5394-SVGJV,2
6979-TNDEU,4
9777-WJJPR,2
9283-LZQOH,2
7079-QRCBC,2
9495-SKLKD,2
6048-UWKAL,3
5067-DGXLL,4
5469-CTCWN,0
9851-QXEEQ,2
6281-FKEWS,1
8898-KASCD,1
9242-TKFSV,0
9290-SHCMB,3
0743-HNPFG,0
2277-BKJKN,3
9809-IMGCQ,3
5208-HFSBT,1
5035-PGZXH,0
8695-WDYEA,1
6543-JXSOO,2
8016-ZMGMO,3
8605-ITULD,4
3254-YRILK,3
6416-YJTTB,1
2667-WYLWJ,4
4472-VESGY,0
3195-TQDZX,4
3128-YOVTD,0
0529-ONKER,3
1728-CXQBE,3
7041-TXQJH,1
5014-GSOUQ,4
5724-BIDBU,0
0481-SUMCB,3
1769-GRUIK,2
5240-IJOQT,3
8819-WFGGJ,0
7427-AUFPY,5
2811-POVEX,3
1092-GANHU,2
7898-PDWQE,0
9972-EWRJS,5
9314-IJWSQ,2
0661-XEYAN,3
5799-JRCZO,5
1921-KYSAY,2
6198-RTPMF,2
2924-KHUVI,0
1925-GMVBW,4
7881-EVUAD,1
6184-DYUOB,4
9207-ZPANB,2
5766-XQXMQ,2
9327-QSDED,1
1656-DRSMG,0
3012-VFFMN,4
2984-AFWNC,1
0640-YJTPY,5
8096-LOIST,2
9764-REAFF,5
3703-VAVCL,1
7107-UBYKY,5
4881-GQJTW,4
8519-QJGJD,2
7876-DNYAP,5
7905-NJMXS,3
2882-WDTBA,0
2091-GPPIQ,0
6326-MTTXK,1
5071-FBJFS,1
2796-UUZZO,0
2429-AYKKO,5
9798-OPFEM,5
0330-IVZHA,1
3794-NFNCH,2
5193-QLVZB,0
7114-AEOZE,5
2886-KEFUM,0
5522-NYKPB,2
4237-RLAQD,1
9957-YODKZ,3
6518-KZXCB,4
2245-ADZFJ,2
7776-QGYJC,2
9313-QOLTZ,4
9651-GTSAQ,0
3186-BAXNB,1
4672-FOTSD,2
0637-YLETY,2
9818-XQCUV,4
7338-ERIVA,1
1157-BQCUW,1
8259-NFJTV,1
3223-DWFIO,3
2660-EMUBI,3
6968-GMKPR,0
4751-ERMAN,0
1436-ZMJAN,1
3292-PBZEJ,3
0799-DDIHE,2
3070-FNFZQ,4
2812-SFXMJ,4
7675-OZCZG,3
5014-WUQMG,2
5312-TSZVC,4
2003-CKLOR,0
0993-OSGPT,3
9254-RBFON,2
1205-WNWPJ,1
9391-EOYLI,3
7108-DGVUU,3
2782-JEEBU,1
5127-BZENZ,0
2720-FVBQP,1
9906-NHHVC,3
4522-XRWWI,2
3766-EJLFL,0
5939-SXWHM,5
8152-UOBNY,3
7351-KYHQH,3
7643-RCHXS,5
8246-SHFGA,4
8387-MOJJT,2
0620-XEFWH,4
6485-QXWWE,5
2761-OCIAX,3
7321-VGNKU,1
5327-CNLUQ,0
7552-KEYGT,4
5816-JMLGY,0
3068-OMWZA,3
2927-QRRQV,2
6032-KRXXO,2
7459-RRWQZ,2
6265-SXWBU,0
7941-RCJOW,5
6374-NTQLP,3
4154-AQUGT,3
2387-KDZQY,4
3584-WKTTW,0
3399-BMLVW,0
1971-DTCZB,0
3092-IGHWF,0
3374-PZLXD,4
3813-DHBBB,0
2812-REYAT,5
6518-PPLMZ,5
4939-KYYPY,2
8017-LXHFA,3
5930-GBIWP,0
6022-KOUQO,1
6352-TWCAU,2
2361-UPSND,2
6035-RIIOM,0
2929-QNSRW,0
1262-OPMFY,1
9504-DSHWM,2
5035-BVCXS,1
6267-DCFFZ,3
3533-UVMOM,0
2439-LYPMQ,3
4248-QPAVC,3
1899-VXWXM,0
1478-VPOAD,1
9995-HOTOH,0
2988-PLAHS,1
1371-OJCEK,5
4999-IEZLT,1
8883-ANODQ,0
4690-LLKUA,3
2351-RRBUE,4
5980-BDHPY,0
1498-DQNRX,4
9469-WEJBT,2
3331-HQDTW,2
9490-DFPMD,3
2581-VKIRT,0
5442-XSDCW,1
7426-WEIJX,3
2851-MMUTZ,2
3049-NDXFL,1
8580-AECUZ,3
3307-TLCUD,1
6625-FLENO,5
2967-MXRAV,4
7963-GQRMY,1
8189-HBVRW,0
4163-KIUHY,4
1228-FZFRV,0
3500-NSDOA,0
1171-TYKUR,5
3761-FLYZI,3
2058-DCJBE,1
5364-XYIRR,0
4829-AUOAX,2
1219-NNDDO,1
8388-DMKAE,4
4403-BWPAY,4
9659-QEQSY,0
5405-ZMYXQ,1
5047-LHVLY,3
1442-OKRJE,0
4737-AQCPU,0
9158-VCTQB,0
2808-CHTDM,4
6311-UEUME,2
0793-TWELN,1
3283-WCWXT,4
1060-ENTOF,3
0999-QXNSA,3
5451-MHQOF,5
4836-WNFNO,5
9225-BZLNZ,0
0354-VXMJC,4
4422-QVIJA,2
9365-SRSZE,3
6839-ITVZJ,2
8332-OSJDW,4
4735-BJKOU,5
0274-JKUJR,1
5740-YHGTW,0
8917-SZTTJ,5
1696-MZVAU,1
7359-WWYJV,0
0375-HVGXO,1
4906-ZHGPK,0
8593-WHYHV,1
3795-GWTRD,0
1298-PHBTI,0
6223-DHJGV,4
6961-MJKBO,5
6097-EQISJ,0
4423-YLHDV,2
8158-WPEZG,1
0107-YHINA,1
4918-FYJNT,3
0727-BNRLG,0
4854-CIDCF,3
8640-SDGKB,1
3280-MRDOF,3
6435-SRWBJ,1
9964-WBQDJ,5
6303-KFWSL,2
1702-CCFNJ,0
8932-CZHRQ,0
0386-CWRGM,5
5515-RUGKN,1
0404-AHASP,5
7279-NMVJC,4
2081-VEYEH,1
6407-UTSLV,3
4116-TZAQJ,1
9060-HJJRW,0
2587-YNLES,4
7398-SKNQZ,1
5935-FCCNB,3
1958-RNRKS,2
5136-RGMZO,2
8345-MVDYC,0
8226-BXGES,0
3877-JRJIP,1
8375-DKEBR,3
9705-IOVQQ,3
1015-OWJKI,4
7511-YMXVQ,1
2040-XBAVJ,0
7551-JOHTI,4
8887-IPQNC,1
8646-JCOMS,0
9804-ICWBG,1
1222-KJNZD,5
0106-GHRQR,2
5318-IXUZF,1
3768-VHXQO,5
8952-WCVCD,2
2418-TPEUN,5
3963-RYFNS,0
3198-VELRD,1
8540-ZQGEA,5
1320-REHCS,3
4137-JOPHL,0
9436-ZBZCT,2
7801-CEDNV,2
2057-BOYKM,3
3658-QQJYD,0
1803-BGNBD,2
0134-XWXCE,3
6950-TWMYB,0
5848-FHRFC,5
2243-FNMMI,4
2511-MORQY,0
5356-KZCKT,5
9470-XCCEM,2
6519-CFDBX,1
3902-MIVLE,0
0409-WTMPL,0
8763-KIAFH,4
3669-WHAFY,0
3055-VTCGS,0
3144-KMTWZ,0
7279-BUYWN,3
7156-MHUGY,3
7198-GLXTC,1
2007-QVGAW,5
5207-PLSTK,1
2307-FYNNL,3
5605-XNWEN,6
2155-AMQRX,2
6181-AXXYF,5
5091-HFAZW,1
0516-VRYBW,4
2519-LBNQL,3
8623-ULFNQ,3
8380-PEFPE,1
5687-DKDTV,4
1568-LJSZU,0
7530-HDYDS,2
7789-HKSBS,3
7416-CKTEP,5
2586-CWXVV,0
3096-IZETN,2
2348-KCJLT,2
8401-EMUWF,2
4193-IBKSW,5
5377-NDTOU,0
5922-ABDVO,2
2474-LCNUE,2
0839-QNXME,4
3506-OVLKD,4
9172-ANCRX,1
6650-VJONK,1
2178-PMGCJ,2
7492-TAFJD,1
2773-MADBQ,1
6016-LVTJQ,4
7860-KSUGX,0
8966-KZXXA,5
6910-HADCM,1
4816-LXZYW,2
9606-PBKBQ,3
5149-QYTTU,0
2070-XYMFH,3
2085-BOJKI,2
0817-HSUSE,1
5442-PPTJY,4
1927-QEWMY,5
1663-MHLHE,4
5663-QBGIS,3
4450-MDZFX,0
6701-DHKWQ,0
7554-AKDQF,1
3536-IQCTX,3
4911-BANWH,2
8496-EJAUI,2
0794-YVSGE,5
5423-BHIXO,2
6908-VVYHM,0
2959-EEXWB,1
1839-UMACK,5
3030-YDNRM,1
7321-KKSDU,4
3402-XRIUO,3
3132-TVFDZ,3
8286-AFUYI,1
8080-DDEMJ,3
8356-WUAOJ,1
6365-MTGZX,2
1349-WXNGG,4
8058-DMYRU,3
9350-ZXYJC,4
6990-YNRIO,0
8958-JPTRR,5
6959-GQEGV,2
3173-WSSUE,5
1265-HVPZB,0
4115-UMJFQ,0
7369-TRPFD,4
1098-KFQEC,5
7190-XHTWJ,4
0621-TWIEM,1
3537-RYBHH,3
2485-ITVKB,1
3669-OYSJI,1
1612-EOHDH,1
6702-OHFWR,3
5296-BFCYD,5
4510-PYUSH,3
9359-JANWS,0
7517-SAWMO,2
4143-HHPMK,0
3279-DYZQM,5
7054-LGEQW,1
0523-VNGTF,3
9575-IWCAZ,4
7105-MXJLL,3
7064-FRRSW,3
7940-UQQUG,0
0923-PNFUB,1
3961-SXAXY,1
7010-BRBUU,5
3566-HJGPK,1
3062-ICYZQ,0
9938-PRCVK,5
0973-KYVNF,0
5129-HHMZC,0
9637-CDTKZ,0
3946-JEWRQ,0
7873-CVMAW,0
0463-WZZKO,4
3494-JCHRQ,1
6474-FVJLC,1
4524-QCSSM,1
5832-EXGTT,2
8840-DQLGN,3
2039-JONDJ,2
7217-JYHOQ,2
6695-FRVEC,0
4547-LYTDD,2
9894-QMIMJ,2
8069-YQQAJ,1
6770-XUAGN,4
4193-ORFCL,3
1636-NTNCO,3
3466-WAESX,2
9281-PKKZE,1
3638-VBZTA,0
7459-IMVYU,2
7776-QWNFX,3
6689-TCZHQ,3
8563-OYMQY,2
0754-EEBDC,4
5777-ZPQNC,4
1951-IEYXM,0
3318-NMQXL,1
3143-ILDAL,0
1022-RKXDR,4
2361-FJWNO,1
2272-UOINI,1
8232-UTFOZ,5
3750-YHRYO,4
6637-KYRCV,1
5668-MEISB,0
0129-QMPDR,5
7188-CBBBA,0
5356-CSVSQ,1
3221-CJMSG,2
4720-VSTSI,2
3219-JQRSL,3
2801-NISEI,2
3946-MHCZW,1
4623-ZKHLY,4
6732-VAILE,0
8201-AAXCB,2
7696-CFTAT,5
1845-CSBRZ,3
2123-VSCOT,0
6651-AZVTJ,0
4566-GOLUK,0
2484-DGXPZ,4
2018-QKYGT,1
2792-VPPET,4
7409-JURKQ,0
3247-MHJKM,4
1964-SVLEA,4
4587-NUKOX,1
7297-DVYGA,5
2239-CGBUZ,0
0854-UYHZD,4
7243-LCGGZ,4
8267-KFGYD,4
4890-VMUAV,0
9261-WDCAF,1
3764-MNMOI,5
7442-YGZFK,1
0420-BWTPW,1
8229-BUJHX,5
7449-HVPIV,0
5504-WSIUR,0
8183-ONMXC,1
8466-PZBLH,0
9614-RMGHA,0
8735-IJJEG,2
0564-MUUQK,2
5054-IEXZT,1
5834-ASPWA,1
0701-RFGFI,0
0019-EFAEP,0
5619-PTMIK,2
3737-XBQDD,2
5882-CMAZQ,1
5846-QFDFI,2
4445-KWOKW,2
3511-APPBJ,2
7967-HYCDE,1
2430-RRYUW,0
3948-XHGNA,2
3723-BFBGR,3
0565-IYCGT,0
5447-WZAFP,0
5110-CHOPY,0
5445-UTODQ,1
4425-OWHWB,4
7892-QVYKW,2
9675-ICXCT,0
1024-VRZHF,1
4703-MQYKT,4
9497-QCMMS,3
5692-ICXLW,3
0602-DDUML,0
2208-MPXIO,5
1960-UYCNN,1
0348-SDKOL,0
3190-FZATL,4
7336-RLLRH,2
4373-MAVJG,2
8901-HJXTF,1
7710-JSYOA,0
5419-KLXBN,2
3424-NMNBO,3
9885-MFVSU,1
4514-GFCFI,3
0607-MVMGC,2
3365-SAIGS,2
9828-AOQLM,1
8022-BECSI,4
8000-REIQB,3
9993-LHIEB,0
0266-CLZKZ,0
7615-ESMYF,1
3858-VOBET,2
7020-OZKXZ,3
3977-QCRSL,4
0017-DINOC,0
1447-PJGGA,0
8565-CLBZW,2
9139-WQQDY,0
0224-HJAPT,1
8086-OVPWV,1
9430-FRQOC,1
7639-OPLNG,0
3074-GQWYX,1
1492-QGCLU,0
6845-RGTYS,0
7328-OWMOM,4
4418-LZMSV,2
5155-AZQPB,2
8861-HGGKB,1
1087-GRUYI,5
7065-YUNRY,1
7694-VLBWQ,0
2546-KZAAT,0
0181-RITDD,0
5989-PGKJB,2
4795-KTRTH,3
8272-ONJLV,2
1488-PBLJN,0
0308-GIQJT,3
3778-FOAQW,4
4452-ROHMO,4
6481-OGDOO,0
3090-LETTY,1
5349-AZPEW,1
3753-TSEMP,2
8305-VHZBZ,4
9720-JJJOR,2
8100-HZZLJ,2
8775-ERLNB,3
8309-IEYJD,3
9172-JITSM,2
6298-QDFNH,2
7398-HPYZQ,0
3546-GHEAE,4
7361-YPXFS,3
6557-BZXLQ,3
2550-QHZGP,4
7519-JTWQH,0
2538-OIMXF,1
8543-MSDMF,1
9961-JBNMK,3
1170-SASML,0
4872-JCVCA,0
5346-BZCHP,5
2038-LLMLM,0
6173-ITPWD,2
9734-UYXQI,1
1216-BGTSP,0
4138-NAXED,0
2189-UXTKY,2
0744-BIKKF,0
7483-IQWIB,2
5248-KWLAR,0
4958-GZWIY,1
7996-MHXLW,5
7833-PKIHD,0
7061-OVMIM,4
5153-RTHKF,2
1852-QSWCD,5
4832-VRBMR,3
9079-LWTFD,0
6356-ELRKD,1
8624-GIOUT,0
3392-EHMNK,0
5986-WWXDV,5
3061-BCKYI,4
6179-GJPSO,3
7901-TBKJX,3
7228-PAQPD,2
3177-LASXD,1
7746-QYVCO,2
5804-HYIEZ,0
9919-FZDED,3
5934-TSSAU,2
3486-KHMLI,4
4897-QSUYC,4
1084-UQCHV,1
8290-YWKHZ,3
2955-BJZHG,2
3806-DXQOM,1
6784-XYJAE,2
3933-DQPWX,0
6661-EIPZC,1
8957-THMOA,5
2251-PYLPB,0
5555-RNPGT,4
1057-FOGLZ,4
9300-RENDD,1
0761-AETCS,4
8087-LGYHQ,1
4137-BTIKL,1
2190-BCXEC,2
6227-FBDXH,0
2153-MREFK,2
2911-WDXMV,2
7206-PQBBZ,3
3106-ULWFW,1
0925-VYDLG,1
4547-FZJWE,0
7422-WNBTY,2
0842-IWYCP,2
3521-HTQTV,5
3744-ZBHON,4
3373-DIUUN,4
8383-SGHJU,2
7607-QKKTJ,0
7707-PYBBH,2
8984-HPEMB,0
4349-GFQHK,1
4139-DETXS,0
9779-DPNEJ,2
9805-FILKB,5
5793-YOLJN,5
0673-IGUQO,4
4123-FCVCB,2
8819-IMISP,2
7802-EFKNY,1
8311-UEUAB,0
5858-EAFCZ,1
8035-BUYVG,1
1163-ONYEY,2
9787-XVQIU,1
8945-MUQUF,0
5656-MJEFC,1
6082-OQFBA,4
8051-HJRLT,3
8974-OVACP,4
4010-YLMVT,0
1379-FRVEB,2
8612-GXIDD,4
6288-CHQJB,0
8160-HOWOX,1
3023-GFLBR,2
6648-INWPS,4
4223-BKEOR,2
4079-VTGLK,3
1763-WQFUK,1
1391-UBDAR,1
8894-JVDCV,0
2023-VQFDL,4
1345-GKDZZ,4
2014-MKGMH,2
5628-FCGYG,2
2560-WBWXF,5
0248-IPDFW,1
7978-DKUQH,2
4335-UPJSI,4
0524-IAVZO,2
2737-YNGYW,1
1784-EZDKJ,0
9297-FVVDH,0
8007-YYPWD,4
7101-HRBLJ,0
5159-YFPKQ,1
6635-CPNUN,2
4021-RQSNY,3
5453-YBTWV,0
5039-LZRQT,4
2931-VUVJN,3
9061-TIHDA,3
8699-ASUFO,3
6418-PIQSP,0
8220-OCUFY,2
3995-WFCSM,1
1895-QTKDO,1
2038-OEQZH,1
1178-PZGAB,4
7927-AUXBZ,2
2626-VEEWG,5
2878-RMWXY,3
1657-DYMBM,5
7311-MQJCH,4
7375-WMVMT,3
1136-XGEQU,0
2530-FMFXO,0
6844-DZKRF,1
4695-WJZUE,3
7619-ODSGN,2
5970-GHJAW,5
8879-XUAHX,0
3689-MOZGR,1
4195-PNGZS,5
5003-XZWWO,0
3988-RQIXO,3
7622-FWGEW,3
6922-NCEDI,5
2514-GINMM,1
9891-NQDBD,4
6131-IUNXN,4
8548-AWOFC,0
9798-DRYDS,2
8532-UEFWH,5
6296-DDOOR,2
7951-VRDVK,2
5931-FLJJF,3
4815-YOSUK,0
2659-VXMWZ,0
0380-NEAVX,3
3207-OYBWH,3
4285-GYRQC,1
7216-EWTRS,3
4365-MSDYN,4
7036-TYDEC,0
5802-ADBRC,0
8076-FEZKJ,4
5197-YPYBZ,4
8337-MSSXB,2
4312-GVYNH,0
8495-LJDFO,3
0839-JTCUD,0
5494-WOZRZ,0
1302-UHBDD,3
2234-EOFPT,0
8619-IJNDK,0
8378-LKJAF,2
8182-BJDSI,2
2528-HFYZX,3
1153-GNOLC,1
3298-QEICA,1
0788-DXBFY,5
3597-YASZG,3
3496-LFSZU,1
5242-UOWHD,5
2482-CZGBB,1
6479-SZPLM,5
8097-VBQTZ,0
4500-HKANN,2
9917-KWRBE,2
3420-ZDBMA,3
2212-LYASK,1
1393-IMKZG,1
8069-RHUXK,0
3398-GCPMU,3
2908-WGAXL,5
3378-AJRAO,5
1013-QCWAM,3
0866-QLSIR,2
6050-FFXES,0
7181-BQYBV,1
0362-RAOQO,5
9554-DFKIC,2
5527-ACHSO,1
0829-DDVLK,4
1399-UBQIU,1
1813-JLKWR,5
0336-PIKEI,3
7322-OCWHC,3
9537-VHDTA,1
4957-TIALW,2
2054-PJOCK,0
9150-HEPMB,2
9030-QGZNL,4
6204-IEUXJ,1
3126-WQMGH,0
4529-CKBCL,1
2506-CLAKW,1
7176-WRTNX,0
1583-IHQZE,2
5732-IKGQH,3
9239-GZHZE,0
7205-BAIAD,5
0151-ONTOV,1
4140-MUHUG,3
0093-EXYQL,3
8064-RAVOH,1
0219-QAERP,4
0320-JDNQG,2
7180-PISOG,1
9168-INPSZ,3
3571-RFHAR,0
0015-UOCOJ,3
5334-AFQJB,6
2754-SDJRD,3
9578-VRMNM,2
1587-FKLZB,3
6140-QNRQQ,1
8963-JLGJT,1
4307-KTUMW,0
1465-LNTLJ,3
5440-FLBQG,3
2135-DQWAQ,1
4056-QHXHZ,0
7470-MCQTK,1
7488-MXJIV,1
7401-JIXNM,0
9339-FIIJL,0
2027-FECZV,2
2672-DZUOY,1
4706-DGAHW,3
3870-MQAMG,0
6670-MFRPK,0
6177-PEVRA,0
4800-CZMPC,0
4813-HQMGZ,1
7579-KKLOE,0
7377-DMMRI,1
8402-EIVQS,0
4947-DSMXK,2
7245-NIIWQ,1
0002-ORFBO,1
3324-OIRTO,0
5414-OFQCB,0
4967-WPNCF,0
8552-OBVRU,3
8499-BRXTD,4
9154-QDGTH,2
8197-BFWVU,0
2577-GVSIL,2
9367-OIUXP,4
6770-UAYGJ,5
6463-HHXJR,0
7928-VJYAB,1
1187-WILMM,0
9776-OJUZI,3
1306-RPWXZ,5
8949-JTMAY,2
2774-LVQUS,3
3097-PYWXL,4
2266-SJNAT,0
0869-PAPRP,3
4238-JSSWH,3
2972-YDYUW,0
1104-FEJAM,2
2809-ILCYT,4
5499-ECUTN,2
4981-FLTMF,0
9121-PHQSR,3
3113-IWHLC,1
3211-ILJTT,2
4612-THJBS,3
4277-BWBML,5
4094-NSEDU,3
0234-TEVTT,1
4304-TSPVK,0
1552-AAGRX,2
2637-FKFSY,1
9796-MVYXX,3
7874-ECPQJ,4
0020-INWCK,0
7089-RKVSZ,4
2683-JXWQQ,1
9548-ZMVTX,0
8739-XNIKG,1
9755-JHNMN,0
3981-QSVQI,4
2789-HQBOU,1
9424-CMPOG,4
5067-WJEUN,0
3450-WXOAT,2
9251-WNSOD,0
6974-DAFLI,5
2616-UUTFK,2
7064-JHXCE,5
5103-MHMHY,1
7989-AWGEH,1
4373-VVHQL,1
4559-UWIHT,2
7268-IGMFD,3
1846-XWOQN,3
0235-KGSLC,1
6650-BWFRT,0
9570-KYEUA,0
6993-YGFJV,0
2712-SYWAY,4
0730-BGQGF,0
5498-IBWPI,0
9101-NTIXF,4
0013-SMEOE,3
9314-QDMDW,1
9308-ANMVE,2
2884-GBPFB,2
3757-NJYBX,3
3413-DHLPB,0
7649-PHJVR,4
6114-TCFID,1
3787-TRIAL,1
2573-GYRUU,3
5156-UMKOW,1
1247-QBVSH,2
6734-GMPVK,1
9822-OAOVB,1
6161-ERDGD,0
1226-JZNKR,4
7318-EIVKO,1
3771-PZOBW,2
5136-KCKGI,2
8231-BSWXX,0
6486-LHTMA,3
4083-BFNYK,3
3722-WPXTK,1
7389-KBFIT,1
7176-WIONM,1
5141-ZUVBH,1
1089-HDMKP,3
7623-HKYRK,4
0310-SUCIN,0
5197-PYEPU,2
2929-ERCFZ,1
7548-SEPYI,1
8835-VSDSE,1
6619-RPLQZ,5
3275-RHRNE,1
3503-TYDAY,2
6901-GOGZG,0
1623-NLDOT,1
7021-XSNYE,1
9621-OUPYD,4
9898-KZQDZ,3
8982-NHAVY,2
4307-KWMXE,1
0141-YEAYS,3
2450-ZKEED,1
3694-DELSO,1
3893-JRNFS,0
9603-OAIHC,3
1133-KXCGE,4
5236-PERKL,0
0142-GVYSN,4
1049-FYSYG,1
7854-FOKSF,1
2519-FAKOD,2
8406-LNMHF,3
1821-BUCWY,2
8263-JQAIK,3
0023-UYUPN,6
8314-DPQHL,1
1465-WCZVT,4
9481-SFCQY,2
6360-SVNWV,3
0567-GGCAC,1
7089-IVVAZ,1
8884-MRNSU,4
2171-UDMFD,4
9050-IKDZA,3
2205-YMZZJ,3
9802-CAQUT,0
1254-IZEYF,3
0187-WZNAB,2
9492-TOKRI,2
1475-VWVDO,1
9221-OTIVJ,3
1357-MVDOZ,1
7602-MVRMB,0
3325-FUYCG,2
5908-QMGOE,3
1197-BVMVG,3
5406-KGRMX,5
8481-YYXWG,1
5968-HYJRZ,5
5198-EFNBM,3
7516-GMHUV,3
7140-ADSMJ,4
2230-XTUWL,5
7706-YLMQA,5
2585-KTFRE,1
7994-UYIVZ,1
2609-IAICY,1
1740-CSDJP,1
7717-BICXI,5
6559-RAKOZ,0
2636-OHFMN,1
4716-MRVEN,4
2143-LJULT,5
1323-OOEPC,0
3200-MNQTF,0
6164-HXUGH,4
5630-IXDXV,0
0320-DWVTU,0
9135-MGVPY,0
1212-GLHMD,1
7878-JGDKK,1
1088-AUUZZ,0
0397-GZBBC,3
6614-YWYSC,6
9588-OZDMQ,1
7641-EUYET,3
6476-EPYZR,4
9921-ZVRHG,2
1174-FGIFN,2
6620-HVDUJ,2
4701-MLJPN,2
1032-MAELW,0
7641-TQFHN,2
1552-TKMXS,5
9206-GVPEQ,1
8622-ZLFKO,1
1596-BBVTG,2
6188-UXBBR,5
2333-KWEWW,4
5702-SKUOB,4
1134-YWTYF,2
6061-GWWAV,2
0679-TDGAK,0
6585-WCEWR,5
9067-YGSCA,5
9067-SQTNS,5
8433-WXGNA,1
1776-SPBWV,4
8735-SDUFN,6
9668-PUGNU,5
9405-GPBBG,0
1926-QUZNN,5
3707-GNWHM,1
7016-NVRIC,3
5829-NVSQN,2
9565-AXSMR,5
8922-LIEGH,3
8869-LIHMK,0
8245-UMPYT,3
5186-SAMNZ,3
0447-RXSGD,2
4927-WWOOZ,1
5788-YPOEG,2
5373-SFODM,3
0661-KBKPA,0
9081-WWXKP,5
0784-ZQJZX,5
3133-PZNSR,0
5766-ZJYBB,4
8931-GJJIQ,1
4277-PVRAN,1
0022-TCJCI,3
0722-SVSFK,1
3612-YVGSJ,5
9825-YCXWZ,3
5397-NSKQG,0
8565-HBFNN,0
2000-DHJUY,3
0203-HHYIJ,4
8670-ERCJH,0
7758-UJWYS,1
2050-ONYDQ,5
7055-JCGNI,0
0739-UUAJR,0
4826-DXMUP,2
0952-KMEEH,2
7285-KLOTR,2
0654-PQKDW,0
7175-NTIXE,2
7963-SHNDT,0
9796-BPKIW,3
0188-GWFLE,4
8129-GMVGI,5
2882-DDZPG,4
3547-LQRIK,5
9137-NOQKA,6
5843-TTHGI,2
1849-RJYIG,1
8868-GAGIO,2
4061-UKJWL,1
5380-XPJNZ,4
8263-QMNTJ,0
8178-EYZUO,2
3230-JCNZS,0
0277-ORXQS,0
5130-IEKQT,3
3230-WYKIR,2
7996-BPXHY,4
3227-WLKLI,0
0407-BDJKB,0
2266-FUBDZ,4
8237-ULIXL,5
9600-UDOPK,2
8216-AZUUZ,0
9153-BTBVV,5
4074-SJFFA,1
3269-ATYWD,3
5186-PEIZU,4
1074-AMIOH,0
4910-GMJOT,1
0354-WYROK,3
4361-FEBGN,5
7748-UMTRK,3
0380-ZCSBI,4
7145-FEJWU,2
6463-MVYRY,3
3969-JQABI,0
9624-EGDEQ,4
1051-EQPZR,5
5849-ASHZJ,4
5780-INQIK,1
7576-OYWBN,3
4526-ZJJTM,3
8384-FZBJK,0
3750-RNQKR,4
0962-CQPWQ,5
3096-YXENJ,0
1265-BCFEO,0
5837-LXSDN,2
5945-AZYHT,0
8325-QRPZR,1
6384-VMJHP,0
2262-SLNVK,1
7730-CLDSV,0
1135-HIORI,0
0164-APGRB,0
6481-ESCNL,2
1790-NESIO,4
1550-EENBN,2
5539-TMZLF,3
4323-SADQS,1
4446-BZKHU,0
5202-IVJNU,1
5976-JCJRH,1
8198-RKSZG,2
0137-OCGAB,1
3351-NQLDI,0
9297-EONCV,0
7593-JNWRU,1
4588-YBNIB,4
1069-QJOEE,4
3336-JORSO,3
7799-DSEWS,2
8766-PAFNE,0
5315-CKEQK,3
3130-ICDUP,1
0820-FNRNX,2
0880-FVFWF,0
4611-ANLQC,0
4213-HKBJO,5
2792-LSHWX,1
5028-GZLDO,1
0014-BMAQU,0
6861-XWTWQ,3
9018-PCIOK,0
4837-QUSFT,0
6877-TJMBR,1
9953-ZMKSM,5
0907-HQNTS,3
7665-NKLAV,1
6769-DCQLI,0
2433-KMEAS,2
4391-LNRXK,2
8250-ZNGGW,3
2195-ZRVAX,2
3550-SAHFP,2
2011-TRQYE,1
8562-GHPPI,4
5893-PYOLZ,0
4986-MXSFP,4
6131-FOYAS,2
3027-YNWZU,5
5609-IMCGG,2
4873-ILOLJ,2
4727-MCYZG,1
9481-WHGWY,0
2725-KXXWT,1
9565-DJPIB,1
4328-VUFWD,2
3301-LSLWQ,2
7473-ZBDSN,4
3166-PNEOF,0
5639-NTUPK,2
8780-YRMTT,0
8348-HFYIV,1
5140-FOMCQ,0
6242-SGYTS,0
8166-ORCHU,3
8414-OOEEL,0
8454-AATJP,0
6849-WLEYG,4
4659-NZRUF,2
4531-AUZNK,0
4191-XOVOM,0
2150-OEGBV,4
8429-XIBUM,2
1855-CFULU,4
4878-BUNFV,5
1872-EBWSC,4
2608-BHKFN,1
7026-YMSBE,4
7341-LXCAF,1
6997-UVGOX,0
9674-EHPPG,1
9462-MJUAW,1
8128-YVJRG,1
5440-VHLUL,0
5781-BKHOP,0
4283-FUTGF,3
5213-TWWJU,2
1569-TTNYJ,1
8628-MFKAX,3
2397-BRLOM,3
7629-WIXZF,1
5445-GLVOT,2
3976-HXHCE,5
2466-NEJOJ,4
0254-KCJGT,0
5472-CVMDX,0
6461-SZMCV,0
8150-QUDFX,4
9508-ILZDG,3
2346-DJQTB,1
1697-LYYYX,5
1942-OQFRW,1
4749-VFKVB,1
9640-ZSLDC,0
4231-LZUYM,5
7598-UAASY,1
7938-OUHIO,1
8510-AWCXC,3
6128-AQBMT,3
3594-BDSOA,4
0431-APWVY,2
5133-VRSAB,1
5996-DAOQL,4
6838-YAUVY,0
0484-JPBRU,5
7883-ROJOC,2
0244-LGNFY,0
7274-CGTOD,0
4295-YURET,3
3426-NIYYL,2
8225-BTJAU,3
4635-EJYPD,4
1866-ZSLJM,4
4636-TVXVG,5
4236-UJPWO,1
9392-XBGTD,4
3387-VATUS,1
6402-SSEJG,1
1143-NMNQJ,1
1169-SAOCL,0
1110-KYLGQ,0
9929-PLVPA,4
3518-PZXZQ,1
2371-JUNGC,4
7693-QPEFS,3
0924-BJCRC,3
5074-FBGHB,0
2351-BKRZW,0
4455-BFSPD,0
0415-MOSGF,1
1724-BQUHA,3
3948-KXDUF,0
2323-ARSVR,0
0815-MFZGM,0
4826-XTSOH,3
5480-XTFFL,4
8295-FHIVV,4
2495-INZWQ,1
9086-YJYXS,2
1179-INLAT,4
7909-FIOIY,1
4139-SUGLD,1
6857-VWJDT,1
6351-SCJKT,1
5468-BPMMO,5
5624-BQSSA,4
0197-PNKNK,0
2439-QKJUL,4
1194-SPVSP,4
9534-NSXEM,4
2408-WITXK,3
8929-KSWIH,2
2250-IVBWA,0
1810-MVMAI,2
9506-UXUSK,2
1229-RCALF,0
3572-UOLYZ,2
1429-UYJSV,4
5577-OTWWW,4
6100-QQHEB,2
6366-XIVKZ,2
3470-OBUET,0
2770-NSVDG,1
9375-MHRRS,1
2634-HCZGT,3
7503-QQRVF,3
4860-YZGZM,4
6599-GZWCM,2
2691-NZETQ,1
4404-HIBDJ,2
5533-NHFRF,3
7037-MTYVW,0
4760-THGOT,2
7295-JOMMD,1
4016-BJKTZ,2
6584-VQMYT,2
9838-BFCQT,5
2790-XUYMV,0
0581-MDMPW,2
5013-SBUIH,0
1023-BQXZE,0
9163-GHAYE,2
3904-UKFRE,1
5353-WILCI,2
0709-TVGUR,3
0058-EVZWM,0
6023-YEBUP,1
7209-JCUDS,1
7009-PCARS,5
0519-DRGTI,4
1017-FBQMM,0
3001-CBHLQ,3
1985-MBRYP,5
6158-DWPZT,1
9372-TXXPS,0
3259-QMXUN,0
1015-JPFYW,4
6645-MXQJT,1
4360-QRAVE,3
8433-WPJTV,3
5804-JMYIO,5
3763-GCZHZ,0
6484-LATFU,5
7599-NTMDP,0
0772-GYEQQ,1
0536-ACXIP,0
0936-NQLJU,5
4831-EOBFE,2
1575-KRZZE,1
3251-YMVWZ,5
4102-OQUPX,3
9170-GYZJC,2
4884-LEVMQ,5
8857-CUPFQ,5
7610-TVOPG,4
3638-DIMPH,2
1845-ZLLIG,1
8559-WNQZS,4
3999-QGRJH,3
1699-UOTXU,0
2454-RPBRZ,3
0635-WKOLD,2
5993-JSUWV,0
4518-FZBSX,5
5387-ASZNZ,3
6988-CJEYV,0
2002-MZHWP,4
3097-FQTVJ,5
5465-BUBFA,5
7299-GNVPL,2
9743-DQKQW,1
1215-VFYVK,1
9371-BITHB,5
2265-CYWIV,3
9093-FPDLG,1
0541-FITGH,1
6985-HAYWX,2
7508-KBIMB,2
6838-HVLXG,4
2277-DJJDL,3
1897-OKVMW,0
5485-ITNPC,0
0233-FTHAV,0
4644-PIZRT,2
8922-NPKBJ,5
2740-TVLFN,1
7771-CFQRQ,2
9512-PHSMG,4
6963-EZQEE,3
2452-KDRRH,3
2004-OCQXK,1
5027-QPKTE,1
4146-SVFUD,1
1564-HJUVY,1
3617-XLSGQ,0
7517-LDMPS,2
7244-KXYZN,4
5226-NOZFC,2
2672-HUYVI,1
1400-WIVLL,0
7508-MYBOG,2
8148-NLEGT,5
0148-DCDOS,2
8347-GDTMP,5
9992-RRAMN,2
6746-WAUWT,4
0310-MVLET,0
0428-IKYCP,2
4550-VBOFE,3
2187-PKZAY,2
4003-OCTMP,2
6652-YFFJO,1
7225-IILWY,5
5248-RPYWW,3
7923-IYJWY,3
3170-GWYKC,0
5696-QURRL,1
7409-KIUTL,3
9830-ECLEN,1
1732-VHUBQ,3
0495-RVCBF,1
2668-TZSPS,4
7854-EDSSA,2
8869-TORSS,0
7446-SFAOA,4
9522-ZSINC,4
8234-GSZYK,5
6505-OZNPG,1
6164-HAQTX,0
0679-IDSTG,3
7765-LWVVH,0
1658-TJVOA,3
0953-LGOVU,1
2115-BFTIW,2
4692-NNQRU,2
7742-MYPGI,1
0611-DFXKO,2
7780-OTDSO,2
9619-GSATL,2
5622-UEJFI,5
9747-DDZOS,1
0674-DGMAQ,3
6203-HBZPA,0
0484-FFVBJ,2
0301-FIDRB,0
4139-JPIAM,0
2181-TIDSV,5
2761-XECQW,3
1936-CZAKF,0
9453-PATOS,0
0564-JJHGS,1
3348-CFRNX,2
4402-FTBXC,0
1428-GTBJJ,1
2931-XIQBR,0
0106-UGRDO,0
5542-TBBWB,1
1930-QPBVZ,0
2606-PKWJB,1
5322-ZSMZY,5
8059-UDZFY,3
7740-BTPUX,3
5220-AGAAX,5
0208-BPQEJ,4
9435-JMLSX,0
3352-ALMCK,2
5312-IRCFR,0
5294-IMHHT,0
8802-UNOJF,3
6313-GIDIT,3
6176-YJWAS,0
5310-NOOVA,5
4526-EXKKN,5
5311-IHLEI,1
3987-KQDDU,1
3404-JNXAX,0
5131-PONJI,0
2845-AFFTX,3
3489-VSFRD,0
3345-JHUEO,4
5815-HGGHV,2
5260-UMPWX,4
2249-YPRNG,2
7410-YTJIK,1
4626-GYCZP,1
5649-RXQTV,0
2674-MIAHT,1
2576-HXMPA,4
7587-AOVVU,2
5590-BYNII,2
6898-MDLZW,2
3237-AJGEH,1
4707-YNOQA,5
9357-UJRUN,2
1591-NFNLQ,0
8648-PFRMP,3
7663-CUXZB,0
0258-NOKBL,1
1163-VIPRI,0
2815-CPTUL,3
9348-ROUAI,0
9443-JUBUO,0
0596-BQCEQ,0
1481-ZUWZA,2
3043-TYBNO,1
4830-FAXFM,4
5906-BFOZT,4
2960-NKRSO,2
8996-ZROXE,3
5598-IKHQQ,5
0397-ZXWQF,5
5266-PFRQK,5
4674-HGNUA,0
6765-MBQNU,4
9786-IJYDL,0
1303-SRDOK,0
3769-MHZNV,5
6295-OSINB,0
3308-MHOOC,4
2309-OSFEU,1
2207-QPJED,3
4177-JPDFU,1
2239-CFOUJ,4
8046-DNVTL,0
2209-XADXF,1
6620-JDYNW,2
1891-FZYSA,3
4770-UEZOX,1
1038-RQOST,4
7613-LLQFO,2
4568-TTZRT,4
9513-DXHDA,2
2640-PMGFL,2
3801-HMYNL,1
0516-QREYC,6
9685-WKZGT,3
6022-UGGSO,3
8084-OIVBS,4
8896-BQTTI,4
3865-QBWSJ,3
3352-RICWQ,4
2160-GPFXD,0
2065-MMKGR,2
5857-TYBCJ,3
1498-NHTLT,0
4484-CGXFK,1
1402-PTHGN,2
4176-RELJR,6
6214-EDAKZ,2
5199-FPUSP,1
6377-KSLXC,4
1796-JANOW,4
0238-WHBIQ,0
8735-NBLWT,4
6651-RLGGM,5
6127-ISGTU,2
1614-JBEBI,4
8740-XLHDR,1
1208-DNHLN,2
1761-AEZZR,1
3923-CSIHK,3
5696-EXCYS,4
5795-KTGUD,0
7120-RFMVS,1
7924-GJZFI,3
4702-HDRKD,0
8512-WIWYV,4
5897-ZYEKH,3
5456-ITGIC,3
7317-GGVPB,0
1406-PUQVY,1
1322-AGOQM,1
3677-IYRBF,3
5692-FPTAH,1
9114-AAFQH,0
8715-KKTFG,0
1550-LOAHA,2
1728-BQDMA,1
0268-QKIWO,4
0876-WDUUZ,1
5117-ZSMHQ,0
5151-HQRDG,2
0960-HUWBM,0
6465-GSRCL,0
0617-FHSGK,0
0263-FJTQO,0
7319-ZNRTR,4
2858-MOFSQ,2
7503-EPSZW,5
7089-XXAYG,1
8118-LSUEL,3
8070-AAWZP,3
1666-JXLKU,2
7855-DIWPO,2
5133-POWUA,1
5652-MSDEY,1
7005-CCBKV,1
1810-BOHSY,0
1784-BXEFA,4
7351-MHQVU,1
9224-VTYID,0
9500-IWPXQ,0
5762-TJXGK,0
4504-YOULA,2
5569-IDSEY,0
4250-FDVOU,1
7284-ZZLOH,2
5277-ZLOOR,3
2141-RRYGO,1
1777-JYQPJ,1
6376-GAHQE,1
3401-URHDA,0
1599-EAHXY,5
8631-XVRZL,4
5052-PNLOS,1
3853-LYGAM,2
6979-ZNSFF,1
5751-USDBL,0
5680-LQOGP,0
2386-LAHRK,1
8189-DUKMV,4
6032-IGALN,1
9931-DCEZH,2
1898-JSNDC,2
0315-LVCRK,1
3911-RSNHI,0
2410-CIYFZ,4
4248-HCETZ,3
5505-OVWQW,4
7271-AJDTL,0
1867-TJHTS,0
0516-WJVXC,1
9174-FKWZE,6
6860-YRJZP,3
4429-WYGFR,2
2817-LVCPP,5
5038-ETMLM,0
5056-FIMPT,0
4521-WFJAI,5
6569-KTMDU,4
8809-RIHDD,0
8809-XKHMD,0
0396-YCHWO,2
0867-LDTTC,1
4822-NGOCH,2
9391-DXGGG,3
9844-FELAJ,3
2122-SZZZD,5
5307-DZCVC,3
3148-AOIQT,5
8679-JOEVF,3
8395-ETZKQ,6
6692-YQHXC,2
3889-VWBID,0
5222-JCXZT,4
9754-CLVZW,1
1432-FPAXX,1
2739-CCZMB,4
7080-TNUWP,0
0496-AHOOK,2
8336-TAVKX,3
2468-SJFLM,1
3181-VTHOE,0
7168-HDQHG,5
4803-AXVYP,3
3884-HCSWG,2
4567-AKPIA,0
5077-DXTCG,1
1142-WACZW,1
7901-HXJVA,2
5649-ANRML,3
4892-VLANZ,4
5924-IFQTT,2
7968-QUXNS,4
2919-HBCJO,1
4236-XPXAV,1
8903-WMRNW,2
2452-SNHFZ,2
3629-WEAAM,1
6029-CSMJE,1
7993-NQLJE,2
9909-DFRJA,2
9099-FTUHS,2
0581-BXBUB,3
4962-CHQPW,4
9467-ROOLM,4
3030-YZADT,1
7410-KTVFV,2
5150-ITWWB,3
2253-KPMNB,0
1345-ZUKID,4
6429-SHBCB,2
9281-OFDMF,3
2603-HVKCG,2
1834-WULEG,4
9097-ZUBYC,2
5148-ORICT,0
4893-GYUJU,5
4578-PHJYZ,0
7272-QDCKA,2
8908-SLFCJ,4
8393-DLHGA,2
9766-HGEDE,4
6968-MHOMU,0
7395-IGJOS,3
5044-XDPYX,5
1814-WFGVS,0
2834-SPCJV,0
3721-WKIIL,4
6734-CKRSM,4
1265-ZFOSD,0
6568-POCUI,0
7890-VYYWG,3
5197-LQXXH,0
9907-SWKKF,3
3457-PQBYH,5
7682-AZNDK,2
0587-DMGBH,1
5384-ZTTWP,4
3745-HRPHI,0
7636-OWBPG,3
1231-YNDEK,5
1407-DIGZV,4
6397-JNZZG,3
0570-BFQHT,1
4393-OBCRR,4
3523-QRQLL,2
8564-LDKFL,2
3696-DFHHB,5
0895-DQHEW,0
4717-GHADL,0
5501-TVMGM,1
5879-HMFFH,0
6772-WFQRD,4
3810-DVDQQ,0
6972-SNKKW,4
3694-GLTJM,4
8550-XSXUQ,0
8149-RSOUN,1
9055-MOJJJ,0
4359-INNWN,4
0585-EGDDA,2
4032-RMHCI,1
0549-CYCQN,3
3481-JHUZH,2
7250-EQKIY,1
3594-IVHJZ,4
6869-FGJJC,0
3896-ZVNET,4
8205-VSLRB,0
5960-MVTUK,1
6817-WTYHE,1
3082-VQXNH,1
4013-UBXWQ,1
4931-TRZWN,2
0750-EKNGL,4
7669-LCRSD,2
3567-PQTSO,0
5519-NPHVG,2
8043-PNYSD,5
9938-EKRGF,2
2703-AMTUL,2
0928-JMXNP,3
8173-RXAYP,4
4825-XJGDM,0
5402-HTOTQ,2
6734-JDTTV,5
7850-THJMU,5
3890-RTCMS,2
8849-GYOKR,0
3148-BLQJT,4
3717-FDJFU,4
3665-JATSN,1
7966-YOTQW,1
0461-CVKMU,2
8806-EAGWC,1
8853-TZDGH,0
7779-LGOVN,3
4324-BZCKL,1
6924-TDGMT,4
9710-ZUSHQ,3
1536-YHDOE,2
8123-QBNAZ,2
3629-ZNKXA,3
4827-LTQRJ,3
7711-YIJWC,0
5482-VXSXJ,2
7365-BVCJH,1
9620-ENEJV,1
4183-WCSEP,2
2378-YIZKA,0
5498-TXHLF,2
0689-DSXGL,0
6818-DJXAA,1
9722-UJOJR,2
0464-WJTKO,5
8902-ZEOVF,5
6778-EICRF,2
2662-NNTDK,5
4132-KALRO,1
3902-FOIGH,3
6772-KSATR,1
7112-OPOTK,2
2874-YXVVA,2
1245-HARPS,4
4210-QFJMF,1
4323-ELYYB,4
4293-ETKAP,0
6064-PUPMC,2
6504-VBLFL,0
6322-PJJDJ,0
0330-BGYZE,0
1085-LDWAM,5
7586-ZATGZ,2
7197-VOJMM,0
3318-OSATS,3
5828-AVIPD,2
1843-TLSGD,4
9626-VFRGG,2
7075-BNDVQ,1
9143-CANJF,2
7284-BUYEC,1
2041-JIJCI,1
1086-LXKFY,1
4900-MSOMT,0
2229-VWQJH,2
9194-GFVOI,0
1336-EZFZY,4
4282-MSACW,0
1403-LKLIK,4
2636-ALXXZ,3
7774-OJSXI,2
7786-WBJYI,1
0136-IFMYD,3
5144-TVGLP,3
9643-AVVWI,1
0253-ZTEOB,0
2706-QZIHY,4
6061-PQHMK,4
9885-CSMWE,3
6137-MFAJN,0
9122-UMROB,4
4232-JGKIY,4
2402-TAIRZ,2
9659-ZTWSM,3
9139-TWBAS,1
6685-GBWJZ,0
5016-ETTFF,1
3866-MDTUB,1
2195-VVRJF,3
3913-RDSJZ,5
8058-JMEQO,3
4203-QGNZA,4
5043-TRZWM,1
0697-ZMSWS,1
7657-DYEPJ,3
9494-BDNNC,0
1640-PLFMP,1
5366-OBVMR,2
8276-MQBYC,3
7644-OMVMY,4
7593-XFKDI,1
4573-JKNAE,4
0337-CNPZE,2
9817-APLHW,4
8380-MQINP,5
0840-DFEZH,1
1513-XNPPH,2
8690-ZVLCL,0
6015-VVHHE,3
1125-SNVCK,3
0384-LPITE,1
4616-EWBNJ,4
6347-DCUIK,1
1335-HQMKX,0
2545-EBUPK,3
6923-AQONU,4
2172-EJXVF,3
0897-FEGMU,1
7663-RGWBC,1
1120-BMWUB,2
9124-LHCJQ,1
4536-PLEQY,2
7029-IJEJK,0
8871-JLMHM,0
2235-ZGKPT,1
3891-PUQOD,1
5447-VYTKW,2
3623-FQBOX,4
0689-NKYLF,2
8659-HDIYE,3
3658-KIBGF,1
3474-BAFSJ,0
5519-YLDGW,2
3865-ZFZIB,4
1855-AGAWH,2
7109-CQYUZ,0
1370-GGAWX,2
4680-KUTAJ,3
5307-UVGNB,0
4946-EDSEW,4
2883-ILGWO,3
2516-VQRRV,3
7580-UGXNC,3
3642-BYHDO,5
9629-NHXFW,4
2696-RZVZW,5
5766-FTRTS,0
0396-HUJBP,4
5178-LMXOP,3
8879-ZKJOF,2
6285-FTQBF,5
8185-UPYBR,1
4585-HETAI,1
7526-BEZQB,2
1474-JUWSM,0
3530-CRZSB,4
8498-XXGWA,0
9617-INGJY,1
0621-TSSMU,5
7234-KMNRQ,4
7636-PEPNS,0
4683-WYDOU,0
9052-DHNKM,2
6794-HKIAJ,0
5578-NKCXI,0
1642-HMARX,0
3096-WPXBT,0
8434-PNQZX,0
5950-AAAGJ,2
4299-OPXEJ,5
4951-UKAAQ,1
9618-LFJRU,4
6693-DJWTY,2
0744-GKNGE,0
6447-EGDIV,4
1167-OYZJF,6
2108-YKQTY,1
4806-DXQCE,3
4918-QLLIW,1
7056-IMHCC,3
4854-SSLTN,1
5294-DMSFH,2
4837-PZTIC,1
1625-JAIIY,0
0603-OLQDC,2
3272-VUHPV,1
4176-FXYBO,0
1063-DHQJF,0
8663-UPDGF,2
6719-FGEDO,0
1837-YQUCE,0
2947-DOMLJ,1
4112-LUEIZ,1
0369-ZGOVK,2
4510-HIMLV,1
9919-KNPOO,2
8749-JMNKX,3
7872-BAAZR,5
9391-LMANN,0
2430-USGXP,2
8174-TBVCF,0
1698-XFZCI,0
1877-HKBQX,1
4450-DLLMH,1
0428-AXXLJ,4
2746-DIJLO,2
5955-ERIHD,2
0917-EZOLA,3
3508-VLHCZ,0
4086-ATNFV,2
0468-YRPXN,2
5996-NRVXR,3
3739-YBWAB,1
7047-FWEYA,0
2000-MPKCA,0
9762-YAQAA,2
5949-EBSQK,1
5473-KHBPS,0
0100-DUVFC,3
5397-TUPSH,3
8950-MTZNV,1
0326-VDYXE,0
6773-LQTVT,3
7274-RTAPZ,1
0436-TWFFZ,0
8566-YPRGL,4
0311-UNPFF,2
6609-MXJHJ,5
2669-OIDSD,0
8400-WZICQ,0
3834-XUIFC,1
9576-SYUHJ,2
0410-IPFTY,2
2831-EBWRN,1
9430-NKQLY,5
8414-MYSHR,3
0247-SLUJI,4
9402-ORRAH,3
6483-OATDN,1
1293-HHSHJ,4
4840-ORQXB,3
7599-FKVXZ,2
3982-DQLUS,3
8610-ZIKJJ,4
3756-VNWDH,3
7801-KICAO,2
7673-LPRNY,2
8229-TNIQA,1
6060-QBMGV,5
7339-POGZN,1
2828-SLQPF,2
4465-VDKIQ,2
2921-XWDJH,3
6221-AVQYL,1
2558-BUOZZ,0
9257-AZMTZ,5
0003-MKNFE,1
0975-UYDTX,2
7743-EXURX,1
4682-BLBUC,2
0975-VOOVL,1
5968-VXZLG,1
5569-KGJHX,1
4988-IQIGL,3
5201-FRKKS,2
9799-CAYJJ,3
7730-IUTDZ,2
0426-TIRNE,4
5443-SCMKX,0
8295-KMENE,0
6738-ISCBM,1
9821-BESNZ,0
3678-MNGZX,5
1335-NTIUC,1
2916-BQZLN,2
4558-CGYCZ,4
2368-GAKKQ,0
8710-YGLWG,1
3199-XGZCY,1
3785-KTYSH,5
6814-ZPWFQ,6
4063-EIKNQ,4
6993-YCOBK,0
5206-HPJKM,2
7587-RZNME,1
0748-RDGGM,0
8393-JMVMB,4
5019-GQVCR,3
6036-TTFYU,4
2550-AEVRU,0
0969-RGKCU,5
0378-CJKPV,0
4706-AXVKM,3
5889-JTMUL,3
9026-RNUJS,3
3746-EUBYR,1
2332-EFBJY,4
2880-FPNAE,3
1703-MGIAB,2
4311-QTTAI,4
9474-PHLYD,2
4318-RAJVY,4
2165-VOEGB,0
3612-YUNGG,0
2254-DLXRI,1
5062-CJJKH,2
9028-LIHRP,0
2219-MVUSO,1
1053-MXTTK,0
1530-ZTDOZ,1
1301-LOPVR,1
0853-TWRVK,0
8914-RBTSB,2
6212-ATMLK,0
8200-LGKSR,0
1568-BEKZM,3
0670-ANMUU,0
6897-RWMUB,0
0963-ZBDRN,2
7594-RQHXR,1
6999-CHVCF,0
6134-KWTBV,5
1077-HUUJM,1
6331-EWIEB,2
0895-LNKRC,4
2045-BMBTJ,3
8417-GSODA,2
5171-EPLKN,4
4452-QIIEB,1
5998-VVEJY,2
1624-NALOJ,3
6741-EGCBI,3
7820-ZYGNY,0
4317-VTEOA,1
9677-AVKED,0
1670-SVOWZ,2
2227-JRSJX,2
9847-HNVGP,4
6696-YDAYZ,4
8980-WQFWL,2
1730-ZMAME,3
6506-EYCNH,4
4634-JLRJT,4
9501-UKKNL,0
2560-QTSBS,5
7541-YLXCL,2
4795-WRNVT,2
6080-TCMYC,2
0260-ZDLGK,1
7860-UXCRM,0
6357-JJPQT,1
2292-XQWSV,1
9552-TGUZV,1
5913-INRQV,3
8722-NGNBH,1
6210-KBBPI,3
9643-YBLUR,1
8734-FNWVH,2
9447-YPTBX,5
0133-BMFZO,1
6128-CZOMY,1
9540-JYROE,1
9026-LHEVG,1
2260-USTRB,3
3656-TKRVZ,1
7011-CVEUC,2
6185-TASNN,3
7925-PNRGI,0
8623-TMRBY,3
1552-CZCLL,5
3038-PQIUY,2
1501-SGHBW,1
9313-CDOGY,5
8148-BPLZQ,2
2623-DRYAM,0
9987-LUTYD,2
3208-YPIOE,2
4488-KQFDT,0
2612-RANWT,2
5693-PIPCS,0
0491-KAPQG,2
1925-LFCZZ,3
8039-EQPIM,0
6900-PXRMS,3
8707-RMEZH,3
3346-BRMIS,3
3209-ZPKFI,2
6479-VDGRK,0
9373-WSLOY,3
2933-FILNV,1
3569-JFODW,0
9819-FBNSV,3
9544-PYPSJ,3
1591-XWLGB,5
0396-UKGAI,2
3243-ZHOHY,4
5186-EJEGL,1
7527-QNRUS,4
9986-BONCE,4
2722-JMONI,3
2203-GHNWN,2
3878-AVSOQ,3
3258-SYSWS,3
5296-PSYVW,5
6319-QSUSR,4
4083-EUGRJ,4
7579-OOPEC,3
0512-FLFDW,3
1771-OADNZ,3
0487-CRLZF,0
2107-FBPTK,3
9451-WLYRI,5
8219-VYBVI,5
1991-VOPLL,4
9738-QLWTP,2
1016-DJTSV,3
9419-IPPBE,0
0174-QRVVY,5
5699-BNCAS,6
2900-PHPLN,6
0612-RTZZA,3
8106-GWQOK,0
8751-EDEKA,2
6878-GGDWG,4
4039-PIMHX,3
8450-LUGUK,5
3604-WLABM,1
0795-GMVQO,0
2259-OUUSZ,1
1142-IHLOO,0
6410-LEFEN,1
4633-MKHYU,1
6257-RJOHI,1
1545-JFUML,0
3194-ORPIK,0
7826-VVKWT,3
1353-GHZOS,2
2587-EKXTS,0
5442-BXVND,5
8816-VXNZD,1
9378-FXTIZ,0
1723-HKXJQ,2
7825-GKXMW,1
9753-OYLBX,4
2364-UFROM,2
6656-JWRQX,1
6473-ULUHT,2
1240-KNSEZ,4
0836-SEYLU,1
4433-JCGCG,3
3716-BDVDB,1
7688-AWMDX,0
2842-BCQGE,2
7244-QWYHG,1
5899-MQZZL,2
6849-OYAMU,2
5312-UXESG,2
9488-HGMJH,3
6038-GCYEC,1
2150-WLKUW,2
7159-FVYPK,1
7032-LMBHI,2
1150-WFARN,0
6088-BXMRG,2
3144-AUDBS,1
4821-SJHJV,2
7346-MEDWM,0
1137-DGOWI,2
5616-PRTNT,4
3812-LRZIR,5
4818-QIUFN,3
9483-GCPWE,4
4227-OJHAL,0
9220-CXRSC,0
4993-JCRGJ,2
9537-JALFH,5
6698-OXETB,4
2103-ZRXFN,1
3724-BSCVH,4
4877-TSOFF,0
9209-NWPGU,2
6961-VCPMC,3
7306-YDSOI,0
5288-AHOUP,3
6688-UZPWD,1
0655-YDGFJ,2
8468-EHYJA,0
6823-SIDFQ,4
1097-FSPVW,2
2839-RFSQE,4
8328-SKJNO,1
7010-ZMVBF,4
5201-CBWYG,5
0968-GSIKN,1
1965-DDBWU,2
9057-SIHCH,1
6352-GIGGQ,0
3635-QQRQD,5
6771-XWBDM,0
2897-DOVND,1
3082-YVEKW,2
0191-EQUUH,1
7134-HBPBS,3
3489-HHPFY,1
2926-JEJJC,4
8601-QACRS,1
4950-BDEUX,1
5789-LDFXO,4
0508-OOLTO,1
2984-TBYKU,0
9822-WMWVG,2
2391-SOORI,1
9040-KZVWO,2
2645-QTLMB,1
4806-HIPDW,1
1548-ARAGG,1
6339-RZCBJ,0
4424-TKOPW,3
4415-WNGVR,3
2522-AHJXR,0
0412-UCCNP,0
1816-FLZDK,1
7096-UCLNH,4
8443-ZRDBZ,1
9136-ALYBR,1
4615-PIVVU,0
8885-QSQBX,1
7479-NITWS,1
8617-ENBDS,1
9385-NXKDA,0
0430-IHCDJ,2
2959-MJHIC,1
6674-KVJHG,4
1814-DKOLC,4
4201-JMNGR,3
9351-HXDMR,0
3537-HPKQT,0
2129-ALKBS,5
5821-MMEIL,5
5960-WPXQM,1
0684-AOSIH,1
8260-NGFNY,1
1309-XGFSN,3
1866-RZZQS,3
6968-URWQU,2
4742-TXUEX,5
9631-XEYKE,1
8631-NBHFZ,3
1335-MXCSE,0
8873-TMKGR,4
8800-JOOCF,2
1469-LBJQJ,0
4958-XCBDQ,3
8337-UPOAQ,3
0064-YIJGF,2
2386-OWURY,0
1725-IQNIY,0
0310-VQXAM,4
6598-RFFVI,4
3453-RTHJQ,1
6712-OAWRH,3
6278-FEPBZ,4
4280-DLSHD,1
1508-DFXCU,2
8614-VGMMV,2
7868-BGSZA,2
2800-QQUSO,2
2930-UOTMB,2
7973-DZRKH,0
5914-DVBWJ,3
7698-YFGEZ,4
2533-QVMSK,0
9773-PEQBZ,1
8644-XLFBW,3
0650-BWOZN,3
8625-AZYZY,2
7785-RDVIG,4
9602-WCXPI,5
2903-YYTBW,1
3620-MWJNE,1
8573-JGCZW,4
6837-HAEVO,0
6701-YVNQG,0
9306-CPCBC,1
4304-XUMGI,3
9504-YAZWB,5
8819-ZBYNA,0
6174-NRBTZ,1
9481-IEBZY,3
1833-VGRUM,3
6137-NICCO,1
9065-ZCPQX,0
6402-EJMWF,1
3620-EHIMZ,5
3213-VVOLG,4
6870-ECSHE,4
8747-UDCOI,5
8374-XGEJJ,3
2656-TABEH,1
6946-LMSQS,3
4626-OZDTJ,0
9169-BSVIN,2
2325-ZUSFD,0
8194-PEEBY,4
6872-HXFNF,0
3932-CMDTD,1
7714-YXSMB,2
8387-UGUSU,4
1080-BWSYE,6
4039-HEUNW,3
1194-HVAIF,2
0812-WUPTB,3
3594-UVONA,2
0004-TLHLJ,1
1767-TGTKO,1
8439-LTUGF,4
8805-JNRAZ,1
5089-IFSDP,0
6418-HNFED,0
0206-OYVOC,5
7291-CDTMJ,4
7128-GGCNO,2
0237-YFUTL,0
7691-KGKGP,0
6710-HSJRD,0
3675-EQOZA,4
0840-DCNZE,2
1732-FEKLD,0
9862-KJTYK,1
0479-HMSWA,2
5854-KSRBJ,5
0365-BZUWY,2
4817-VYYWS,2
5701-SVCWR,4
3129-AAQOU,4
4922-CVPDX,2
1396-QWFBJ,2
1357-BIJKI,0
1099-BTKWT,0
5299-SJCZT,1
2018-PZKMU,1
7340-KEFQE,0
4570-QHXHL,1
2403-BCASL,3
7392-YYPYJ,2
2898-LSJGD,1
2223-GDSHL,0
7359-PTSXY,1
9470-RTWDV,2
2176-OSJUV,0
9348-YVOMK,1
8104-OSKWT,2
4521-YEEHE,2
4090-KPJIP,1
3786-WOVKF,3
4503-BDXBD,1
6086-ESGRL,1
2592-HODOV,4
3886-CERTZ,0
7995-ZHHNZ,2
3824-RHKVR,4
5816-SCGFC,3
5989-AXPUC,0
4979-HPRFL,5
8590-OHDIW,4
8015-IHCGW,0
2332-TODQS,5
9278-VZKCD,3
8008-OTEZX,4
2773-OVBPK,0
5999-LCXAO,1
5206-XZZQI,0
4803-LBYPN,4
5759-RCVCB,1
6372-RFVNS,1
2139-FQHLM,2
8261-GWDBQ,3
1093-YSWCA,4
8938-UMKPI,0
0991-BRRFB,2
3882-IYOIJ,0
8749-TZYEC,5
1755-FZQEC,4
3115-JPJDD,0
5600-KTXFM,1
3871-IKPYH,3
6319-IEJWJ,2
9025-AOMKI,1
6339-TBELP,0
7964-YESJC,2
6173-GOLSU,3
5275-SQEIZ,1
7716-YTYHG,0
9938-ZREHM,2
7950-XWOVN,1
4390-KYULV,4
4647-MUZON,2
9702-AIUJO,0
8849-PRIQJ,0
8851-RAGOV,2
1304-NECVQ,3
5396-IZEPB,4
1729-VLAZJ,1
8285-ABVLB,5
0701-TJSEF,1
5712-VBOXD,4
6629-LADHQ,1
8945-GRKHX,1
1559-DTODC,1
4797-MIWUM,4
6959-UWKHF,1
8720-RQSBJ,3
4537-CIBHB,4
3815-SLMEF,1
5154-VEKBL,1
4324-AHJKS,1
4355-CVPVS,0
4495-LHSSK,2
5655-JSMZM,3
5915-ANOEI,0
9861-PDSZP,0
4505-EXZHB,3
7225-CBZPL,3
6704-UTUKK,1
4587-VVTOX,1
2019-HDCZY,0
4652-NNHNY,2
8788-DOXSU,0
7404-JLKQG,1
7421-ZLUPA,1
8972-HJWNV,3
3274-NSDWE,5
2632-IVXVF,0
3692-JHONH,3
8915-NNTRC,0
5914-GXMDA,4
7463-IFMQU,5
2920-RNCEZ,1
2541-YGPKE,2
8515-OCTJS,4
5382-TEMLV,2
3441-CGZJH,1
9592-ERDKV,2
2860-RANUS,3
5261-QSHQM,1
4778-IZARL,0
0432-CAJZV,1
7008-LZVOZ,5
8868-WOZGU,2
1200-TUZHR,3
9365-CSLBQ,5
1334-FJSVR,1
5884-FBCTL,5
7130-CTCUS,3
6242-FEGFD,0
7625-XCQRH,1
6194-HBGQN,0
7634-WSWDB,1
6986-IXNDM,2
1731-TVIUK,1
2987-BJXIK,0
9769-TSBZE,0
0406-BPDVR,3
0618-XWMSS,2
1395-WSWXR,4
6023-GSSXW,0
6752-APNJL,2
5276-KQWHG,3
0420-HLGXF,3
7446-KQISO,0
9823-EALYC,0
0582-AVCLN,4
5803-NQJZO,0
2565-JSLRY,4
2607-DHDAK,5
1073-XXCZD,5
0743-HRVFF,0
4006-HKYHO,0
3727-JEZTU,4
8143-ETQTI,4
6689-KXGBO,1
9667-TKTVZ,1
3657-COGMW,3
8570-KLJYJ,2
7754-IXRMC,1
9473-CBZOP,2
2969-WGHQO,1
6615-NGGZJ,2
4334-HOWRP,3
4255-DDUOU,4
5863-OOKCL,4
1686-STUHN,5
1329-VHWNP,1
2984-MIIZL,1
0266-GMEAO,0
5590-YRFJT,1
5574-NXZIU,0
0019-GFNTW,0
4256-ZWTZI,1
8309-PPCED,0
4098-NAUKP,3
5196-WPYOW,0
4608-LCIMN,1
1485-YDHMM,0
4054-CUMIA,4
0603-TPMIB,5
2525-GVKQU,5
8161-QYMTT,1
9581-GVBXT,1
5862-BRIXZ,0
5404-GGUKR,1
3308-JSGML,3
2126-GSEGL,0
3677-TNKIO,2
0440-QEXBZ,2
2434-EEVDB,0
6762-QVYJO,0
6199-IWKGC,3
2675-DHUTR,3
8152-VETUR,0
9667-EQRXU,3
7446-YPODE,3
9522-BNTHX,3
4676-WLUHT,0
3329-WDIOK,1
7980-MHFLQ,5
2873-ZLIWT,2
3415-TAILE,1
0757-WCUUZ,0
1629-DQQVB,2
1915-IOFGU,1
3045-XETSH,1
0374-AACSZ,1
7239-HZZCX,4
4872-VXRIL,0
9140-CZQZZ,0
3423-HHXAO,4
9938-TKDGL,0
0531-ZZJWQ,3
6537-QLGEX,1
2688-BHGOG,3
7683-CBDKJ,2
0946-CLJTI,3
3160-TYXLT,0
1325-USMEC,0
0916-QOFDP,3
0628-CNQRM,2
5606-AMZBO,1
6199-IPCAO,5
7665-TOALD,1
0112-QWPNC,0
0324-BRPCJ,3
2777-PHDEI,1
5640-CAXOA,1
2235-EZAIK,0
3847-BAERP,4
1196-AMORA,1
4282-YMKNA,1
1453-RZFON,1
8263-OKETD,2
0670-KDOMA,4
2476-YGEFM,2
8687-BAFGU,1
0641-EVBOJ,1
0829-XXPLX,2
9974-JFBHQ,0
5356-RHIPP,4
6624-JDRDS,1
0608-JDVEC,5
9780-FKVVF,1
1919-RTPQD,1
5214-NLTIT,0
3345-PBBFH,1
5055-BRMNE,0
9189-JWSHV,3
2190-PHBHR,0
2650-GYRYL,4
0746-JTRFU,1
5208-FVQKB,0
7184-LRUUR,2
6627-CFOSN,0
3982-JGSFD,4
1574-DYCWE,5
7247-XOZPB,0
2466-FCCPT,4
6211-WWLTF,0
4826-TZEVA,2
6016-NXBNJ,4
9138-EFSMO,2
0576-WNXXC,3
4632-XJMEX,0
8910-LEDAG,3
3452-GWUIN,3
2716-GFZOR,2
3724-UCSHY,4
8626-XHBIE,5
4628-CTTLA,0
3192-LNKRK,2
4439-YRNVD,1
2876-VBBBL,4
6834-NXDCA,1
2208-UGTGR,0
3005-TYFRD,0
8670-MEFCP,0
3079-BCHLN,5
7777-UNYHB,4
5597-GLBUC,1
7278-CKDNC,3
2748-MYRVK,0
8450-UYIBU,3
2969-VAPYH,0
4822-YCXMX,2
7181-OQCUT,2
8474-UMLNT,2
9821-POOTN,2
3836-FZSDJ,6
9142-XMYJH,4
6559-ILWKJ,0
0187-QSXOE,3
7733-UDMTP,3
2649-HWLYB,0
5214-CHIWJ,4
4229-CZMLL,1
6904-JLBGY,3
2465-BLLEU,4
1685-VAYJF,1
8874-EJNSR,5
6917-YACBP,3
5049-MUBWG,2
4223-WOZCM,3
0769-MURVM,0
9253-VIFJQ,0
7030-FZTFM,0
9741-YLNTD,1
5917-RYRMG,6
5120-ZBLAI,0
1194-BHJYC,0
3663-MITLP,2
0906-QVPMS,0
9025-ZRPVR,4
1905-OEILC,4
7858-GTZSP,2
3285-UCQVC,1
6248-BSHKG,5
4685-TFLLS,4
3470-BTGQO,2
1209-VFFOC,0
8224-DWCKX,3
5482-PLVPE,3
4553-DVPZG,0
4902-OHLSK,3
6917-IAYHD,1
0495-ZBNGW,3
8620-RJPZN,4
7572-KPVKK,0
2642-MAWLJ,5
2357-COQEK,3
7103-ZGVNT,0
3737-GCSPV,1
2027-WKXMW,0
7137-NAXML,4
2428-ZMCTB,4
2961-VNFKL,5
1768-HNVGJ,3
6963-KQYQB,5
5934-RMPOV,2
1207-BLKSA,5
4088-YLDSU,0
8316-BBQAY,0
1166-PQLGG,5
3146-JTQHR,4
4291-YZODP,4
4395-PZMSN,3
6427-FEFIG,2
0017-IUDMW,0
8706-HRADD,1
9955-QOPOY,0
4385-ZKVNW,2
5446-DKWYW,3
2034-CGRHZ,3
5797-APWZC,1
3683-QKIUE,1
4228-ZGYUW,1
9031-ZVQPT,0
2990-IAJSV,0
8107-KNCIM,3
9027-YFHQJ,4
5176-LDKUH,0
4644-OBGFZ,5
7926-IJOOU,4
6480-YAGIY,0
4029-HPFVY,1
7602-DBTOU,5
5345-BMKWB,4
3519-ZKXGG,1
5457-COLHT,0
6416-TVAIH,1
5451-YHYPW,3
5108-ADXWO,1
7998-WNZEM,0
3066-RRJIO,1
4664-NJCMS,1
0307-BCOPK,4
7629-WFGLW,3
2542-HYGIQ,4
6715-OFDBP,1
5016-LIPDW,5
6481-LXPWL,1
1567-DSCIC,1
2150-UWTFY,2
6124-ACRHJ,4
9362-MWODR,2
9975-GPKZU,5
9625-RZFUK,5
5153-LXKDT,0
5161-UBZXI,0
1020-JPQOW,0
7919-ZODZZ,1
0565-JUPYD,0
6867-ACCZI,1
5939-XAIXZ,2
9054-FOWNV,2
2683-BPJSO,2
2157-MXBJS,2
8207-VVMYB,5
9732-EQMWY,0
9360-AHGNL,3
1087-UDSIH,4
5269-NRGDP,2
6195-MELTI,0
5485-WUYWF,3
2121-JAFOM,0
8818-DOPVL,3
2632-UCGVD,3
5445-PZWGX,0
1227-UDMZR,0
5198-HQAEN,2
9170-CCKOU,2
2167-FQSTQ,0
2819-GWENI,4
1043-YCUTE,5
3814-MLAXC,2
3572-UUHRS,5
2692-PFYTJ,4
1226-UDFZR,1
5955-EPOAZ,4
6821-JPCDC,0
8815-LMFLX,4
9135-HSWOC,5
8582-KRHPJ,1
5811-IWXYM,0
7044-YAACC,3
8189-XRIKE,3
1506-YJTYT,0
4123-DVHPH,1
6425-YQLLO,3
5442-UTCVD,1
2228-BZDEE,5
7734-DBOAI,1
2789-CZANW,0
2091-RFFBA,3
2114-MGINA,2
7596-LDUXP,2
3740-RLMVT,3
4489-SNOJF,2
2192-OZITF,0
5651-CPDND,1
2186-QZEYA,3
1131-ALZWV,4
7729-XBTWX,5
9134-WYRVP,0
3284-SVCRO,5
9732-OUYRN,5
0559-CKHUS,4
2931-SVLTV,0
6899-PPEEA,3
7504-UWHNB,2
2582-FFFZR,1
8908-NMQTX,0
2187-LZGPL,1
1431-AIDJQ,2
6288-LBEAR,2
4597-NUCQV,3
9019-QVLZD,1
8413-YNHNV,0
5808-TOTXO,4
4369-NYSCF,0
6333-YDVLT,0
5324-KTGCG,5
5599-HVLTW,3
7394-LWLYN,1
3707-LRWZD,2
6873-UDNLD,2
2700-LUEVA,4
1455-ESIQH,1
0958-YHXGP,1
1101-SSWAG,2
2979-SXESE,2
4013-TLDHQ,2
5743-KHMNA,5
4194-FJARJ,0
5325-UWTWJ,2
3969-GYXEL,1
9208-OLGAQ,3
3244-CQPHU,3
2674-MLXMN,3
9708-HPXWZ,3
6992-TKNYO,2
4468-YDOVK,1
3754-DXMRT,3
5792-JALQC,3
7130-VTEWQ,3
2200-DSAAL,0
4302-ZYFEL,5
9351-LZYGF,2
4366-CTOUZ,0
6121-VZNQB,4
7903-CMPEY,3
1518-OMDIK,2
6671-NGWON,4
0595-ITUDF,0
6996-KNSML,1
1955-IBMMB,5
0096-BXERS,1
3806-YAZOV,4
7998-ZLXWN,4
6253-WRFHY,2
9133-AYJZG,2
2675-OTVVJ,3
8680-CGLTP,2
8430-TWCBX,5
5018-GWURO,0
6741-QRLUP,0
4737-HOBAX,0
0537-QYZZN,3
3340-QBBFM,3
1704-NRWYE,3
2592-SEIFQ,1
8200-KLNYW,2
3372-CDXFJ,4
4781-ZXYGU,4
7632-YUTXB,4
2718-YSKCS,5
9896-UYMIE,0
0853-NWIFK,2
8212-CRQXP,2
6980-CDGFC,5
7691-XVTZH,0
2520-SGTTA,4
7481-ATQQS,3
2277-VWCNI,3
1088-CNNKB,0
8642-GVWRF,1
1930-BZLHI,4
3400-ESFUW,0
5868-YTYKS,4
3525-DVKFN,4
1482-OXZSY,2
0377-JBKKT,2
5778-BVOFB,1
3373-YZZYM,4
2057-ZBLPD,2
0228-MAUWC,2
5502-RLUYV,0
0023-HGHWL,3
7663-YJHSN,0
4915-BFSXL,0
3086-RUCRN,0
5215-LNLDJ,1
7576-JMYWV,3
9039-RBEEE,1
0257-KXZGU,2
1307-ATKGB,2
8417-FMLZI,1
3714-XPXBW,2
1850-AKQEP,4
2824-DXNKN,0
5227-JSCFE,3
0848-ZGQIJ,2
3621-CHYVB,0
8042-RNLKO,5
1792-UXAFY,3
5372-FBKBN,4
0420-TXVSG,0
6217-TOWGS,2
0515-YPMCW,1
0378-XSZPU,0
1045-LTCYT,4
1544-JJMYL,2
4636-JGAAI,2
6874-SGLHU,2
5951-AOFIH,2
4729-XKASR,1
3059-NGMXB,2
8652-YHIYU,2
5278-PNYOX,0
5449-FIBXJ,2
3486-HOOGQ,0
5061-PBXFW,2
8630-FJLIB,2
3891-NLXJB,1
4749-OJKQU,1
0577-WHMEV,2
5453-AXEPF,2
3639-XJHKQ,2
3716-LRGXK,0
2263-SFSQZ,5
9950-MTGYX,5
3397-AVTKU,2
4825-FUREZ,5
9837-BMCLM,1
2672-OJQZP,1
0137-UDEUO,4
3134-DSHVC,0
6161-UUUTA,3
7821-DPRQE,0
6543-XRMYR,3
2001-EWBQU,0
4925-LMHOK,2
1608-GMEWB,3
6695-AMZUF,0
1455-UGQVH,1
8410-BGQXN,4
8280-MQRQN,1
1619-YWUBB,5
7611-YKYTC,2
2037-SGXHH,2
3178-FESZO,1
0365-GXEZS,2
0082-OQIQY,2
6087-MVHJH,2
4603-JANFB,1
3018-TFTSU,2
3606-SBKRY,1
4806-KEXQR,1
0667-NSRGI,0
7083-YNSKY,4
6893-ODYYE,0
8242-JSVBO,1
2479-BRAMR,3
9541-ZPSEA,0
2665-NPTGL,3
1139-WUOAH,0
4693-VWVBO,4
7434-SHXLS,4
6937-GCDGQ,2
0988-JRWWP,1
5075-JSDKI,5
7908-QCBCA,1
8644-XYTSV,1
6711-FLDFB,1
3873-WOSBC,5
7465-ZZRVX,1
7975-JMZNT,0
7251-XFOIL,0
4116-IQRFR,4
3714-JTVOV,3
8259-DZLIZ,0
0442-ZXKVS,3
7853-WNZSY,4
3120-FAZKD,5
8606-OEGQZ,4
0225-ZORZP,1
4702-IOQDC,1
9489-JMTTN,0
0575-CUQOV,3
0967-BMLBD,4
6178-KFNHS,2
2830-LEWOA,0
5006-MXVRN,5
1264-BYWMS,0
9658-WYUFB,2
8327-WKMIE,4
6917-FIJHC,5
5329-KRDTM,3
7797-EJMDP,1
3530-VWVGU,4
2013-SGDXK,1
6368-NWMCE,2
3633-CDBUW,2
0707-HOVVN,3
8580-QVLOC,3
3956-MGXOG,2
9274-UARKJ,2
4077-HWUYD,0
2012-NWRPA,3
8808-ELEHO,3
0103-CSITQ,0
3506-LCJDC,4
8671-KKKOS,1
7305-ZWMAJ,4
9518-XXBXE,3
3934-HXCFZ,2
6578-KRMAW,2
4860-IJUDE,2
7666-WKRON,2
9688-YGXVR,2
0423-UDIJQ,3
1945-XISKS,5
4910-AQFFX,1
2154-KVJFF,2
5360-LJCNJ,0
2607-FBDFF,1
9647-ERGBE,2
3428-XZMAZ,1
1100-DDVRV,1
0378-TOVMS,1
4355-HBJHH,0
6728-WYQBC,4
9058-CBREO,3
9029-FEGVJ,3
7216-KAOID,5
0318-QUUOB,1
6145-NNPNO,1
5520-FVEWJ,2
5339-TJFEK,0
5572-ZDXHY,2
2074-GUHPQ,2
4625-XMOYM,5
5827-MWCZK,0
1385-TQOZW,4
5914-XRFQB,0
4329-YPDDQ,2
4804-NCPET,4
3750-CKVKH,1
5944-UGLLK,0
8063-GBATB,3
7787-BNTZM,4
2252-ISRNH,1
9415-TPKRV,1
5322-TEUJK,0
4547-KQRTM,1
4877-EVATK,4
1866-DIOQZ,0
8375-KVTHK,0
2697-NQBPF,2
3709-OIJEA,2
7639-SUPCW,2
1386-ZIKUV,4
0599-XNYDO,2
6377-WHAOX,0
6855-VLGOS,5
8999-XXGNS,3
8746-OQQRW,4
3181-MIZBN,4
0471-ARVMX,3
7766-CLTIC,1
5650-YLIBA,2
0825-CPPQH,5
9084-OAYKL,5
6122-LJADA,0
2400-XIWIO,0
7524-VRLPL,3
1069-XAIEM,3
7569-NMZYQ,0
5201-USSQZ,2
2105-PHWON,2
1494-EJZDW,4
4884-TVUQF,3
8003-EWNDZ,4
1897-RCFUM,5
9256-JTBNZ,4
4658-HCOHW,2
2211-RMNHO,0
2432-TFSMK,2
3440-JPSCL,1
4929-ROART,2
1834-ABKHQ,0
1741-WTPON,0
3932-IJWDZ,0
1240-HCBOH,5
3594-KADLU,1
8065-BVEPF,3
3796-ENZGF,0
1734-ZMNTZ,4
2853-CWQFQ,1
0813-TAXXS,0
2519-TWKFS,2
2889-FPWRM,0
0626-QXNGV,5
6723-CEGQI,0
6987-XQSJT,3
4732-RRJZC,4
9499-XPZXM,0
4338-EYCER,2
3007-FDPEA,4
6350-XFYGW,3
4290-BSXUX,1
8513-OLYGY,0
0311-QYWSS,1
8705-DWKTI,0
8755-IWJHN,3
0325-XBFAC,1
4480-QQRHC,3
0929-PECLO,3
3680-CTHUH,0
1202-KKGFU,2
6112-KTHFQ,4
1852-XEMDW,2
2462-XIIJB,1
4760-XOHVN,4
1820-DJFPH,5
9426-SXNHE,4
9068-FHQHD,5
1269-FOYWN,5
9470-YFUYI,3
7817-BOQPW,1
7402-EYFXX,3
1853-UDXBW,1
9895-VFOXH,1
5458-CQJTA,0
1230-QAJDW,1
5701-ZIKJE,2
5219-YIPTK,2
5032-MIYKT,1
7396-VJUZB,1
9717-QEBGU,1
5172-RKOCB,0
6509-TSGWN,5
3540-RZJYU,2
3178-CIFOT,4
2091-MJTFX,1
4530-NDRKU,5
5985-TBABQ,2
9800-ONTFE,2
6743-HHQPF,1
8455-HIRAQ,1
6616-AALSR,0
0883-EIBTI,4
9415-ZNBSX,0
4018-KJYUY,4
0722-TROQR,3
7571-YXDAD,1
3884-UEBXB,0
8780-RSYYU,4
5537-UXXVS,4
1791-PQHBB,1
8701-DGLVH,5
8741-LQOBK,1
3393-FMZPV,2
8082-GHXOP,2
6402-ZFPPI,3
0980-FEXWF,2
7486-KSRVI,2
3011-WQKSZ,4
8443-WVPSS,1
3006-XIMLN,1
8218-FFJDS,0
1986-PHGZF,3
9965-YOKZB,3
0504-HHAPI,3
9360-OMDZZ,2
6305-YLBMM,0
0345-XMMUG,0
8024-XNAFQ,3
3647-GMGDH,2
2988-GBIVW,3
2832-SCUCO,4
7036-ZZKBD,2
3791-LGQCY,3
0265-PSUAE,2
0463-TXOAK,5
0594-UFTUL,4
9509-MPYOD,4
9128-CPXKI,0
0129-KPTWJ,0
8166-ZZTFS,3
5855-EIBDE,0
5365-LLFYV,1
5956-YHHRX,3
6008-NAIXK,3
2956-GGUCQ,3
1928-BXYIV,1
5760-FXFVO,1
6595-COKXZ,1
0961-ZWLVI,0
5181-OABFK,0
4007-NHVHI,3
7816-VGHTO,1
5871-DGTXZ,4
7550-WIQVA,0
7544-ZVIKX,0
0016-QLJIS,0
7508-DQAKK,0
5176-OLSKT,0
9356-AXGMP,2
3556-BVQGL,4
0362-ZBZWJ,2
8979-CAMGB,3
4211-MMAZN,4
7581-EBBOU,0
4274-OWWYO,1
5073-RZGBK,0
1541-ETJZO,1
2192-CKRLV,0
3154-HMWUU,5
6119-SPUDB,1
6522-OIQSX,0
7813-ZGGAW,3
8748-HFWBO,4
1052-QJIBV,5
1319-YLZJG,2
4106-HADHQ,2
0723-FDLAY,2
3050-RLLXC,0
9298-WGMRW,0
2369-UAPKZ,1
3088-LHEFH,1
2778-OCLGR,3
6583-KQJLK,3
8544-JNBOX,5
6681-ZSEXG,0
6139-ZZRBQ,6
6116-RFVHN,2
0637-KVDLV,1
8884-FEEWR,4
3125-RAHBV,4
6633-MPWBS,1
0373-AIVNJ,1
8785-EPNCG,4
1682-VCOIO,4
5729-KLZAR,1
2072-ZVJJX,5
8849-AYPTR,2
9518-IMLHK,2
1582-RAFML,1
3646-ITDGM,5
8740-CRYFY,1
3569-VLDHH,0
8224-KDLKN,5
7594-LZNWR,3
4001-TSBTV,0
2962-XPMCQ,1
8727-XDPUD,1
1043-UXOVO,0
1064-FBXNK,4
3996-ZNWYK,5
2878-DHMIN,4
7762-ONLJY,4
1678-FYZOW,1
5795-BKOYE,0
8627-EHGIP,1
7402-PWYJJ,0
5480-TBGPH,2
0018-NYROU,1
7501-VTYLJ,1
7608-RGIRO,5
0480-BIXDE,2
5895-QSXOD,1
9814-AOUDH,5
6175-IRFIT,1
8760-ZRHKE,3
1622-HSHSF,4
8854-CCVSQ,2
6749-UTDVX,0
5542-DHSXL,1
9102-OXKFY,0
0511-JTEOY,1
5216-WASFJ,3
7808-DVWEP,4
7067-KSAZT,3
2284-VFLKH,0
0366-NQSHS,4
6532-YLWSI,5
3807-BPOMJ,0
3892-NXAZG,0
4948-WBBKL,3
4182-BGSIQ,4
9300-AGZNL,3
0988-AADSA,0
9972-NKTFD,2
3717-LNXKW,2
5734-EJKXG,0
2207-RYYRL,5
6729-FZWSY,5
9695-IDRZR,0
8144-DGHXP,0
7814-LEEVE,4
1112-CUNAO,3
5175-AOBHI,1
5174-RNGBH,1
8631-WUXGY,2
7270-BDIOA,2
9565-JSNFM,2
5906-DVAPM,0
6654-QGBZZ,4
8348-JLBUG,3
0607-DAAHE,5
5641-DMBFJ,0
9200-NLNPD,0
2664-XJZNO,0
9732-KPKBW,1
3339-EAQNV,3
0921-OHLVP,2
3389-YGYAI,3
9560-ARGQJ,2
8350-NYMVI,1
1600-DILPE,2
0536-ESJEP,0
4654-GGUII,1
6478-HRRCZ,2
8510-BBWMU,4
6857-TKDJV,5
2360-RDGRO,0
0584-BJQGZ,2
5134-IKDAY,1
1360-XFJMR,0
3070-DVEYC,3
5730-RIITO,3
9058-MJLZC,2
5707-ORNDZ,3
0902-XKXPN,5
5177-RVZNU,4
0056-EPFBG,1
8993-IZEUX,1
8696-JKZNU,3
5380-AFSSK,1
8190-ZTQFB,1
0931-MHTEM,0
2055-PDADH,3
7515-LODFU,6
0440-UEDAI,0
1337-BOZWO,1
0868-VJRDR,0
8714-EUHJO,2
6344-SFJVH,1
3950-VPYJB,0
8041-TMEID,3
7321-ZNSLA,1
6941-KXRRV,3
3721-CNEYS,1
8727-JQFHV,5
9475-NNDGC,0
1355-KUSBG,1
3688-FTHLT,2
0899-LIIBW,2
2568-OIADY,2
1384-RCUXW,2
5825-XJOCM,0
6848-YLDFR,0
8125-QPFJD,0
2320-YKQBO,4
1193-RTSLK,2
2302-ANTDP,3
5923-GXUOC,1
4973-RLZVI,2
7869-ZYDST,2
4501-UYKBC,3
1215-EXRMO,5
2305-MRGLV,2
8404-VIOMB,0
5233-GEEAX,3
2359-KLTEK,2
5304-EFJLP,3
2673-ZALNP,4
9184-GALIL,4
4393-RYCRE,2
9746-MDMBK,0
3162-ZJZFU,0
8404-GFGCZ,1
8875-AKBYH,3
4432-ADRLB,1
0533-UCAAU,3
1394-SUIUH,3
3521-MNKLV,2
2533-TIBIX,1
8993-PHFWD,1
1565-RHDJD,1
7137-RYLPP,3
3765-JXVKY,1
5092-STPKP,2
7330-WZLNC,1
0114-PEGZZ,2
3359-DSRKA,5
8639-NHQEI,0
7161-DFHUF,5
3957-LXOLK,3
3720-DBRWL,0
6635-MYYYZ,2
8565-WUXZU,3
5281-BUZGT,3
4994-OBRSZ,2
0562-FGDCR,0
2436-QBZFP,1
3420-YJLQT,1
6040-CGACY,4
6582-PLFUU,5
8242-PDSGJ,0
0264-CNITK,5
0089-IIQKO,2
7839-NUIAA,0
6075-QMNRR,2
5378-IKEEG,1
5966-EMAZU,0
0440-EKDCF,0
4774-HHGGS,4
2718-GAXQD,3
2055-BFOCC,3
8180-AKMJV,1
4298-OYIFC,2
5566-SOEZD,2
9842-EFSYY,1
2272-WUSPA,0
4584-LBNMK,6
3898-GUYTS,3
0930-EHUZA,2
6413-XKKPU,2
9975-SKRNR,4
3703-KBKZP,3
1449-XQEMT,4
2626-URJFX,1
4973-MGTON,0
3682-YEUWS,4
1223-UNPKS,4
2612-RRIDN,1
4735-ASGMA,2
3446-QDSZF,1
3669-LVWZB,1
6892-EZDTG,1
5117-IFGPS,3
7379-FNIUJ,1
1627-AFWVJ,4
9725-SCPZG,1
5884-GCYMI,1
3217-FZDMN,3
4486-EFAEB,4
0060-FUALY,0
7853-GVUDZ,4
7480-QNVZJ,3
6954-OOYZZ,2
7088-FBAWU,2
8313-AFGBW,0
3943-KDREE,2
9239-ZBZZV,1
3097-IDVPU,2
4398-HSCJH,1
2197-OMWGI,3
2303-PJYHN,4
9795-VOWON,1
1237-WIYYZ,4
1987-AUELQ,5
7852-LECYP,3
4430-UZIPO,1
4822-LPTYJ,0
8165-CBKXO,0
6527-PZFPV,4
4855-SNKMY,1
9593-CVZKR,5
8595-SIZNC,6
8008-HAWED,1
7124-UGSUR,3
1862-SKORY,3
5236-XMZJY,2
4827-DPADN,0
2694-CIUMO,2
5846-ABOBJ,5
1439-LCGVL,4
0909-SDHNU,1
4647-XXZAM,1
1502-XFCVR,0
7740-KKCXF,1
5360-XGYAZ,0
9692-TUSXH,2
7912-SYRQT,1
3557-HTYWR,0
4816-JBHOV,3
8920-NAVAY,3
1699-TLDLZ,4
5600-PDUJF,1
8292-TYSPY,2
0567-XRHCU,0
1867-BDVFH,1
2067-QYTCF,0
2359-QWQUL,2
9103-TCIHJ,2
7407-SUJIZ,4
9150-KPBJQ,4
0052-DCKON,0
3654-ARMGP,0
9699-UBQFS,3
9367-TCUYN,4
1261-FWTTE,3
3528-HFRIQ,3
0708-SJDIS,2
4140-WJAWW,4
2073-QBVBI,1
6928-ONTRW,5
3320-VEOYC,3
5231-FIQPA,5
6617-WLBQC,2
2599-CIPQE,0
6653-CBBOM,1
8774-GSBUN,5
7326-RIGQZ,1
1401-FTHFQ,4
3247-ZVOUO,3
0254-FNMCI,0
1848-LBZHY,1
6101-IMRMM,1
8118-TJAFG,1
5429-LWCMV,2
7298-IZWLY,4
9758-MFWGD,3
3955-JBZZM,2
1268-ASBGA,3
8943-URTMR,1
4815-TUMEQ,4
4713-LZDRV,3
9909-IDLEK,2
4092-OFQZS,4
1561-BWHIN,4
4325-NFSKC,3
9927-DSWDF,2
9500-LTVBP,2
7252-NTGSS,1
8149-AIQCG,2
1360-JYXKQ,3
2955-PSXOE,4
7762-URZQH,0
0899-WZRSD,0
3255-GRXMG,2
4828-FAZPK,2
6094-ZIVKX,0
6925-BAYGL,6
3262-EIDHV,0
7354-OIJLX,1
1376-HHBDV,2
6907-NZZIJ,2
6133-OZILE,1
4135-FRWKJ,3
2911-UREFD,1
3744-ZRRDZ,2
5673-TIYIB,1
6551-ZCOTS,6
7191-ADRGF,0
5018-LXQQG,2
6892-BOGQE,5
1602-IJQQE,1
4628-WQCQQ,2
1746-TGTWV,1
5995-SNNEW,3
8050-WYBND,1
2821-WARNZ,5
4879-GZLFH,2
1644-IRKSF,2
8314-HTWVE,4
9402-ROUMJ,0
2507-QZPQS,2
7159-NOKYQ,0
5707-ZMDJP,0
8779-YIQQA,4
7136-IHZJA,2
8966-OIQHG,4
7074-STDCN,1
3705-PSNGL,4
8739-QOTTN,4
1399-OUPJN,5
0277-BKSQP,1
6502-HCJTI,3
2606-RMDHZ,1
5774-XZTQC,4
2676-SSLTO,0
6266-QHOJZ,0
7269-JISCY,7
0363-SVHYR,0
8547-NSBBO,2
8258-GSTJK,3
6861-OKBCE,4
9940-RHLFB,1
6591-QGOYB,2
9070-BCKQP,0
6421-SZVEM,2
1328-EUZHC,4
2995-UPRYS,3
8878-RYUKI,0
9633-DENPU,2
7811-JIVPF,2
7113-HIPFI,0
8541-QVFKM,1
6686-YPGHK,3
1383-EZRWL,4
9258-CNWAC,0
5371-VYLSX,3
6374-AFWOX,2
4759-TRPLW,1
5317-FLPJF,0
7621-VPNET,2
6034-YMTOB,1
8563-IIOXK,1
4903-CNOZC,2
4353-HYOJD,2
8020-BWHYL,3
7267-FRMJW,4
2982-VPSGI,1
4188-FRABG,0
8199-ZLLSA,0
4128-ETESU,3
0620-DLSLK,2
4625-EWPTF,1
5980-NOPLP,2
3850-OKINF,0
6892-XPFPU,3
8010-EZLOU,3
1156-ZFYDO,4
3295-YVUSR,3
8016-NCFVO,3
4119-ZYPZY,3
5549-ZGHFB,5
7577-SWIFR,1
0303-WMMRN,4
6408-OTUBZ,0
5204-HMGYF,0
1078-TDCRN,3
3727-OVPRY,5
3797-FKOGQ,1
7622-NXQZR,1
6196-HBOBZ,0
3970-XGJDU,5
7017-VFULY,4
5562-YJQGT,4
8807-OPMBM,5
5439-WIKXB,3
9874-QLCLH,2
8294-UIMBA,2
8109-YUOHE,2
5840-NVDCG,2
8092-NLTGF,5
5928-QLDHB,1
9840-EFJQB,1
0696-UKTOX,2
4801-KFYKL,4
3472-OAOOR,1
6135-OZQVA,1
8062-YBDOE,3
2252-JHJGE,0
4188-PCPIG,0
6000-APYLU,1
7105-BENQF,2
7721-DVEKZ,4
3566-VVORZ,2
9507-HSMMZ,5
2480-SQIOB,1
0947-IDHRQ,1
7813-TKCVO,4
0128-MKWSG,1
3672-YITQD,3
4350-ZTLPI,0
9048-JVYVF,1
0361-HJRDX,0
5727-MYATE,0
3823-KYNQY,4
8988-ECPJR,3
7570-WELNY,0
3021-VLNRJ,0
3776-EKTKM,3
2080-CAZNM,3
1028-FFNJK,3
6907-FLBER,1
3001-UNBTL,3
5982-PSMKW,2
3507-GASNP,5
7096-ZNBZI,5
1902-XBTFB,2
1676-MQAOA,0
0786-IVLAW,3
7566-DSRLQ,0
0643-OKLRP,3
7245-JMTTQ,0
6050-IJRHS,0
6202-JVYEU,4
8591-TKMZH,0
0734-OXWBT,1
4282-ACRXS,3
0365-TRTPY,2
7349-ALMUX,2
9381-NDKME,3
6502-KUGLL,2
1841-YSJGV,0
2794-XIMMO,0
8382-SHQEH,1
3511-BFTJW,0
7668-XCFYV,3
2983-ZANRP,1
7845-URHJN,4
3034-ZBEQN,1
5018-HEKFO,4
2923-ARZLG,4
3976-NLDEZ,4
2282-YGNOR,2
5336-UFNZP,3
6854-EXGSF,1
1241-EZFMJ,5
9233-PSYHO,3
5376-PCKNB,0
8044-BGWPI,4
4060-LDNLU,1
3589-PPVKW,1
8327-LZKAS,3
5887-IKKYO,0
1075-BGWOH,3
1755-RMCXH,4
0302-JOIVN,1
3858-XHYJO,2
4299-SIMNS,1
7025-IWFHT,2
6261-LHRTG,2
7841-FCRQD,2
2056-EVGZL,0
8777-MBMTS,3
7753-USQYQ,0
5366-IJEQJ,2
7661-CPURM,2
6233-HXJMX,2
5902-WBLSE,5
1981-INRFU,1
4971-PUYQO,2
3239-TPHPZ,4
5115-GZDEL,0
3338-CVVEH,2
8485-GJCDN,3
2615-YVMYX,3
2851-STERV,3
4393-GEADV,0
8486-AYEQH,2
1527-SXDPN,0
6029-WTIPC,3
8634-CILSZ,0
5419-JKZNQ,3
2495-KZNFB,2
1409-PHXTF,3
4560-WQAQW,0
9591-YVTEB,3
9309-BZGNT,3
4274-DRSQT,0
2027-DNKIV,2
8075-GXIUB,6
2885-HIJDH,0
5424-RLQLC,1
6682-QJDGB,2
6507-DTJZV,2
8780-IXSTS,1
7673-BQGKU,5
6723-WSNTY,3
9530-EHPOH,1
2725-IWWBA,2
0345-HKJVM,1
1061-PNTHC,0
0394-YONDK,5
6574-MCOEH,2
7399-QHBJS,0
3049-SOLAY,1
0997-YTLNY,2
3317-HRTNN,3
9479-HYNYL,0
3235-ETOOB,1
9708-KFDBY,4
8058-INTPH,1
3642-GKTCT,0
0774-RMNUW,0
1334-PDUKM,0
0756-MPZRL,1
2242-MFOTG,2
2927-CVULT,0
2144-BFDSO,3
8745-PVESG,0
7647-GYYKX,5
5647-FXOTP,3
5569-OUICF,3
8821-XNHVZ,1
2082-OJVTK,2
9700-ISPUP,1
9839-ETQOE,1
6078-VESFR,3
9027-TMATR,0
5940-NFXKV,2
1941-HOSAM,1
9110-HSGTV,0
0704-VCUMB,5
6171-ZTVYB,2
8053-WWDRO,4
9564-KCLHR,1
1935-IMVBB,0
2535-PBCGC,0
2082-CEFLT,1
1470-PSXNM,0
1213-NGCUN,1
2498-XLDZR,2
9866-OCCKE,3
5338-YHWYT,2
7718-UPSKJ,0
8731-WBBMB,2
1448-CYWKC,0
7901-IIDQV,2
2690-DVRVK,4
5688-KZTSN,4
1270-XKUCC,4
0334-ZFJSR,0
2894-QOJRX,1
5747-PMBSQ,3
5583-EJXRD,0
4565-EVZMJ,2
3143-JQEGI,2
6386-SZZKH,0
3327-YBAKM,0
9441-QHEVC,4
6705-LNMDD,2
2580-ASVVY,1
3370-GQEAL,2
5032-USPKF,2
2982-IHMFT,3
3521-SYVOR,2
4254-QPEDE,0
6283-GITPX,0
9526-JAWYF,2
0771-CHWSK,0
9788-HNGUT,0
9495-REDIY,1
5375-XLDOF,0
1172-VIYBP,0
5649-VUKMC,2
6559-PDZLR,2
8992-OBVDG,2
4273-MBHYA,1
4724-WXVWF,0
5701-GUXDC,1
1460-UZPRJ,5
6082-GLJIX,4
5143-EGQFK,3
4919-IKATY,1
2495-TTHBQ,4
0485-ZBSLN,5
3810-PJUHR,5
9050-QLROH,2
0847-HGRML,5
8232-CTLKO,0
9227-YBAXE,0
6168-WFVVF,3
9860-LISIZ,4
0112-QAWRZ,2
0877-SDMBN,0
2786-GCDPI,3
4043-MKDTV,0
8065-YKXKD,1
9637-EIHEQ,1
9229-RQABD,4
8313-KTIHG,1
5320-BRKGK,0
6284-KMNUF,0
9689-PTNPG,1
9465-RWMXL,2
6229-UOLQL,0
2362-IBOOY,2
3137-LUPIX,1
0843-WTBXE,0
6143-JQKEA,1
8676-OOQEJ,1
5515-IDEJJ,4
9701-CDXHR,0
7450-NWRTR,3
8124-NZVGJ,1
2162-FRZAA,0
5376-DEQCP,1
5118-MUEYH,0
9095-HFAFX,1
5627-TVBPP,4
2379-ENZGV,1
3936-QQFLL,4
2589-AYCRP,5
4067-HLYQI,2
5124-EOGYE,4
5057-RKGLH,4
0292-WEGCH,0
8910-ICHIU,0
4097-YODCF,2
9715-WZCLW,0
9786-YWNHU,0
6407-GSJNL,5
6005-OBZPH,3
4049-ZPALD,0
7932-WPTDS,3
3733-UOCWF,3
6833-JMZYP,2
2722-VOJQL,0
1310-QRITU,2
8961-QDZZJ,0
9715-SBVSU,2
8490-BXHEO,3
7173-TETGO,3
7929-SKFGK,0
2300-RQGOI,4
3563-SVYLG,0
5228-EXCET,2
6435-VWCCY,3
4998-IKFSE,2
8630-QSGXK,0
2455-USLMV,2
7394-FKDNK,1
9488-FVZCC,0
6331-LWDTQ,1
5995-WWKKG,4
1597-FZREH,1
7879-CGSFV,0
9921-EZKBY,2
7432-FFVAR,2
7246-ZGQDF,1
7000-WCEVQ,3
0727-IWKVK,1
5959-BELXA,3
4456-RHSNB,2
3512-IZIKN,0
2481-SBOYW,5
7109-MFBYV,2
1833-TCXKK,0
1832-PEUTS,0
6141-OOXUQ,4
8660-BUETV,1
0580-PIQHM,2
5696-CEIQJ,0
7503-ZGUZJ,1
1696-HXOWK,0
3026-ATZYV,2
4012-YCFAI,0
2506-TNFCO,3
9970-QBCDA,4
8718-PTMEZ,1
9496-IVVRP,1
2207-OBZNX,1
2657-VPXTA,1
6551-VLJMV,5
1221-GHZEP,0
9289-LBQVU,0
6142-VSJQO,1
3458-IDMFK,4
6933-FHBZC,2
0221-NAUXK,4
9770-KXGQU,0
6437-UKHMV,1
6538-POCHL,2
6726-NNFWD,3
3002-WQZWT,2
4277-UDIEF,2
1208-NBVFH,2
4912-PIGUY,1
1114-CENIM,0
6060-DRTNL,3
2725-TTRIQ,0
3374-TTZTK,0
8990-ZXLSU,1
2275-RBYQS,1
8473-VUVJN,3
6289-CPNLD,2
5536-SLHPM,0
4419-UJMUS,0
7794-JASDG,1
7609-YBPXG,0
5519-TEEUH,4
7856-GANIL,3
0804-XBFBV,1
2676-OXPPQ,1
3703-TTEPD,2
2799-TSLAG,5
0196-VULGZ,3
8837-VVWLQ,1
2696-NARTR,1
2208-NKVVH,5
7614-QVWQL,0
1976-CFOCS,3
4631-OACRM,3
7139-JZFVG,0
4987-GQWPO,1
3755-JBMNH,3
1757-TCATG,4
6345-ULYRW,3
4776-XSKYQ,1
8048-DSDFQ,4
5753-QQWPW,2
6010-DDPPW,5
1809-DMJHQ,1
6693-FRIRW,2
6586-MYGKD,0
3173-NVMPX,1
0248-PGHBZ,3
0623-GDISB,1
2892-GESUL,4
6923-EFPNL,1
7472-EQOAV,3
9574-RKJIF,2
2043-WVTQJ,1
8034-RYTVV,0
3863-QSTYI,0
2619-WFQWU,1
5044-LRQAQ,1
1716-LSAMB,2
1333-PBMXB,5
6546-OPBBH,5
5985-BEHZK,3
9127-QRZMH,2
5919-VCZYM,4
9644-KVCNC,0
2137-DQMEV,0
8174-LNWMW,5
9279-CJEOJ,3
7964-VEXDG,2
2404-JIBFC,0
0778-NELLA,1
8029-XYPWT,3
4614-NUVZD,1
4632-PAOYU,4
3803-KMQFW,4
6804-GDMOI,0
2990-OGYTD,0
6646-JPPHA,3
9572-MTILT,0
7658-UYUQS,3
7880-XSOJX,1
9611-CTWIH,1
4589-IUAJB,5
0329-GTIAJ,1
8746-BFOAJ,6
8457-XIGKN,4
6072-NUQCB,4
6629-CZTTH,1
8838-GPHZP,5
8750-QWZAJ,5
5364-EVNIB,2
6918-UMQCG,1
0675-NCDYU,0
6339-DKLMK,1
1346-PJWTK,0
5088-QZLRL,4
8023-QHAIO,3
4397-FRLTA,4
3057-VJJQE,2
5087-SUURX,1
2302-OUZXB,0
8133-ANHHJ,3
2270-CHBFN,2
0013-EXCHZ,3
5982-FPVQN,2
9107-UKCKY,0
4654-ULTTN,0
5550-VFRLC,3
5546-BYZSM,4
1492-KGETH,0
4929-BSTRX,1
4163-HFTUK,5
8215-NGSPE,5
2225-ZRGSG,0
8859-YSTWS,5
5271-YNWVR,0
7601-DHFWZ,5
2657-ALMWY,3
6330-JKLPC,1
4667-OHGKG,4
1998-VHJHK,4
1707-HABPF,3
1660-HSOOQ,1
7253-UVNDW,2
0487-VVUVK,4
7228-OMTPN,1
5063-IUOKK,4
4508-OEBEY,2
0027-KWYKW,2
2308-STERM,4
5982-XMDEX,5
6284-AHOOQ,3
6051-PTVNS,5
2344-JMOGN,1
3799-ISUZQ,1
2877-VDUER,1
9152-AMKAK,1
1794-HBQTJ,1
9432-VOFYX,2
8049-WJCLQ,1
6586-PSJOX,2
2460-FPSYH,3
9705-ZJBCG,2
4818-DRBQT,2
1320-HTRDR,1
6847-KJLTS,3
9670-BPNXF,2
3913-FCUUW,0
3301-VKTGC,0
1493-AMTIE,4
9555-SAHUZ,2
0816-TSPHQ,4
9932-WBWIK,4
4619-EVPHY,3
5286-YHCVC,0
6424-ELEYH,1
4391-RESHN,2
9115-YQHGA,2
4462-CYWMH,3
8963-MQVYN,4
2458-EOMRE,1
9334-GWGOW,3
6821-BUXUX,2
5028-HTLJB,4
9801-GDWGV,2
6542-LWGXJ,1
5567-GZKQY,5
1222-LRYKO,4
2320-JRSDE,4
2087-QAREY,2
0601-WZHJF,1
4423-JWZJN,0
5143-WMWOG,4
6490-FGZAT,4
5393-RXQSZ,1
7452-FOLON,5
2320-TZRRH,4
0231-LXVAP,1
9444-JTXHZ,1
4942-VZZOM,0
5510-BOIUJ,4
7502-BNYGS,2
4291-HYEBC,3
6147-CBCRA,4
6047-SUHPR,2
4471-KXAUH,2
9752-ZNQUT,1
7638-QVMVY,1
1576-PFZIW,3
5666-MBJPT,5
7312-XSBAT,1
3096-GKWEB,2
2371-JQHZZ,2
0674-GCDXG,0
1121-QSIVB,2
4396-KLSEH,4
3244-DCJWY,1
2824-MYYBN,2
0875-CABNR,3
6345-HOVES,1
8318-LCNBW,1
6469-QJKZW,4
0147-ESWWR,3
1217-VASWC,3
7812-FZHPE,4
6370-ZVHDV,5
5915-DGNVC,0
6260-XLACS,4
3566-CAAYU,0
4983-CCWMC,1
9103-CXVOK,4
2896-TBNBE,2
4797-AXPXK,1
5229-PRWKT,1
6982-UQZLY,6
2522-WLNSF,3
3841-CONLJ,1
5057-LCOUI,1
0193-ESZXP,3
4475-NVTLU,5
4369-HTUIF,3
9386-LDCZR,2
9585-KKMFD,5
5399-ZIMKF,1
0336-KXKFK,0
5619-XZZKR,4
3948-FVVRP,1
5327-XOKKY,3
0983-TATYJ,2
1813-JYWTO,0
0156-FVPTA,2
1984-FCOWB,0
0654-HMSHN,2
6719-OXYBR,2
3312-ZWLGF,3
6476-YHMGA,2
5287-QWLKY,3
0795-XCCTE,6
0168-XZKBB,2
3785-NRHYR,4
5196-SGOAK,1
4537-DKTAL,1
7072-MBHEV,3
5602-BVFMK,4
6297-NOOPG,0
1891-UAWWU,3
8204-TIFGJ,4
8050-DVOJX,3
6108-OQZDQ,1
0363-QJVFX,2
8903-XEBGX,1
8169-SAEJD,3
9840-DVNDC,1
1089-XZWHH,4
2325-WINES,2
6064-ZATLR,2
3096-JRDSO,3
7824-PANSQ,0
8042-JVNFH,1
9648-BCHKM,4
2888-ADFAO,5
8707-HOEDG,0
3374-LXDEV,2
4072-IPYLT,2
7167-PCEYD,5
4936-YPJNK,4
1580-BMCMR,3
4817-KEQSP,5
6408-WHTEF,0
9251-AWQGT,5
8749-CLJXC,4
7989-VCQOH,2
5049-GLYVG,4
4199-QHJNM,3
8882-TLVRW,0
5883-GTGVD,2
5135-GRQJV,3
2384-OVPSA,6
1371-WEPDS,3
3580-GICBM,5
4817-QRJSX,1
9730-DRTMJ,2
4686-UXDML,2
3349-ANQNH,3
2398-YPMUR,3
0932-YIXYU,5
7480-SPLEF,5
7636-XUHWW,4
1431-CYWMH,4
5937-EORGB,3
6349-JDHQP,5
5539-HIVAK,6
5847-MXBEO,4
9985-MWVIX,1
4583-PARNH,3
1116-FRYVH,0
1421-HCERK,3
9633-XQABV,1
0716-BQNDX,3
1265-XTECC,3
1183-CANVH,2
1972-XMUWV,0
8679-LZBMD,2
3407-JMJQQ,0
6252-DFGTK,2
1539-LNKHM,4
8645-KOMJQ,0
0289-IVARM,2
9761-XUJWD,1
4057-FKCZK,0
4291-TPNFG,0
6087-YPWHO,0
3090-QFUVD,4
2237-ZFSMY,2
1722-LDZJS,5
1818-ESQMW,2
4871-JTKJF,3
1415-YFWLT,3
7401-RUBNK,2
0506-YLVKJ,5
8661-BOYNW,0
6711-VTNRE,2
4815-GBTCD,1
2805-AUFQN,4
0980-PVMRC,1
7233-DRTRF,0
3500-RMZLT,3
3873-NFTGI,2
1162-ECVII,3
7048-GXDAY,2
8571-ZCMCX,0
1169-WCVAK,2
4548-SDBKE,1
8066-POXGX,1
7129-CAKJW,2
8695-ARGXZ,3
3570-YUEKJ,2
4143-OOBWZ,1
1555-HAPSU,5
1697-NVVGY,3
7854-EKTJL,4
8464-EETCQ,5
2419-FSORS,0
8132-YPVBX,1
9102-IAYHT,2
6754-LZUKA,0
3422-LYEPQ,1
8099-MZPUJ,0
0787-LHDYT,4
2642-DTVCO,3
0374-IOEGQ,1
4361-JEIVL,1
3197-NNYNB,0
3396-DKDEL,0
1752-OZXFY,0
9066-QRSDU,5
9112-WSNPU,3
9867-NNXLC,4
5321-NTRKC,0
1363-TXLSL,3
9507-EXLTT,1
3161-GETRM,2
0402-OAMEN,5
6933-VLYFX,1
6754-WKSHP,4
9846-GKXAS,1
6017-PPLPX,2
4976-LNFVV,3
5055-MGMGF,0
4641-FROLU,4
2862-JVEOY,4
2969-QWUBZ,1
9822-BIIGN,0
2077-MPJQO,3
1534-OULXE,0
7136-RVDTZ,3
2971-SGAFL,2
1480-IVEVR,3
2905-KFQUV,1
4581-SSPWD,1
3370-HXOPH,1
9391-YZEJW,0
9958-MEKUC,0
0281-CNTZX,5
6927-WTFIV,3
4118-CEVPF,3
3398-ZOUAA,3
9114-VEPUF,0
7876-BEUTG,2
2338-BQEZT,0
9873-MNDKV,1
0378-NHQXU,2
8241-JUIQO,5
2194-IIQOF,0
4512-ZUIYL,1
9631-RXVJM,4
9584-EXCDZ,2
7969-AULMZ,2
5093-FEGLU,5
2621-UDNLU,4
7526-IVLYU,4
2428-HYUNX,6
9214-EKVXR,1
3410-MHHUM,2
0568-ONFPC,4
0733-VUNUW,2
4550-EVXNY,1
2122-YWVYA,2
2968-SSGAA,1
2296-DKZFP,0
4844-JJWUY,3
6777-TGHTM,0
8909-BOLNL,4
6603-YRDCJ,2
3538-WZPHD,1
3229-USWAR,2
2138-VFAPZ,4
6131-JLWZM,4
4785-QRJHC,3
0269-XFESX,4
1709-EJDOX,5
4316-XCSLJ,2
8610-WFCJF,0
9693-XMUOB,3
0383-CLDDA,0
4905-JEFDW,1
2709-UQGNP,1
3549-ZTMNH,4
7881-INRLC,0
8033-ATFAS,2
1635-NZATJ,6
0562-HKHML,5
8277-RVRSV,5
9943-VSZUV,3
0117-LFRMW,1
6172-FECYY,0
7054-ENNGU,1
1455-HFBXA,0
9402-CXWPL,0
1628-BIZYP,1
1965-AKTSX,3
0082-LDZUE,1
4786-UKSNZ,4
5343-SGUBI,0
0856-NAOES,1
1976-AZZPJ,1
7248-VZQLC,3
6156-UZDLF,2
3099-OONVS,2
9500-WBGRP,5
5183-KLYEM,0
5144-PQCDZ,4
8514-VZHEB,5
6625-IUTTT,0
9355-NPPFS,3
0068-FIGTF,2
5965-GGPRW,0
8035-PWSEV,1
2236-HILPA,5
1840-BIUOG,2
1356-MKYSK,1
6080-LNESI,5
1830-IPXVJ,5
5828-DWPIL,3
8398-TBIYD,0
0011-IGKFF,3
4192-GORJT,1
6496-SLWHQ,3
9912-GVSEQ,3
2931-FSOHN,3
9418-RUKPH,5
5383-MMTWC,3
9971-ZWPBF,3
4712-AUQZO,1
9711-FJTBX,0
2908-ZTPNF,1
7240-ETPTR,1
2202-CUYXZ,1
5995-OIGLP,2
8421-WZOOW,3
6261-RCVNS,2
7951-QKZPL,5
1414-YADCW,0
8756-RDDLT,0
2862-PFNIK,1
5816-QVHRX,2
4430-YHXGG,4
6888-SBYAI,1
7395-XWZOY,1
7169-YWAMK,0
3640-PHQXK,2
6877-LGWXO,3
6859-RKMZJ,1
2729-VNVAP,5
2957-JIRMN,3
2049-BAFNW,1
3842-QTGDL,2
7163-OCEQI,2
9782-LGXMC,0
5975-BAICR,2
8019-ENHXU,2
5167-GBFRE,3
9033-EOXWV,2
4673-KKSLS,2
4853-OITSN,1
9800-OUIGR,5
1324-NLTJE,3
2324-EFHVG,0
7094-MSZAO,4
1522-VVDMG,1
6907-CQGPN,1
0780-XNZFN,5
0239-OXEXL,2
2675-IJRGJ,5
7049-GKVZY,2
8577-QSOCG,5
3721-CNZHX,4
0212-ISBBF,1
9185-TQCVP,2
3585-YNADK,0
5271-DBYSJ,3
1099-GODLO,4
6828-HMKWP,4
5567-WSELE,3
1472-TNCWL,2
8063-RJYNF,2
0687-ZVTHB,0
2080-GKCWQ,1
9661-ACXBS,2
2193-SFWQW,0
5656-JAMLX,5
3462-BJQQA,1
0442-TDYUO,5
6733-LRIZX,2
9503-XJUME,5
4367-NHWMM,1
3727-RJMEO,1
3779-OSWCF,0
6736-DHUQI,0
3915-ODIYG,3
1360-RCYRT,1
2724-FJDYW,1
4451-RWASJ,4
6646-VRFOL,3
3460-TJBWI,4
5917-HBSDW,5
5685-IIXLY,1
5671-UUNXD,3
0956-ACVZC,0
2325-NBPZG,1
4250-ZBWLV,0
4482-FTFFX,1
8859-DZTGQ,4
0440-MOGPM,2
0020-JDNXP,1
3752-CQSJI,4
5025-GOOKI,4
4698-KVLLG,6
5095-AESKG,1
2887-JPYLU,2
4770-QAZXN,4
4896-CPRPF,5
1871-MOWRM,2
9714-EDSUC,1
2027-OAQQC,1
0282-NVSJS,3
9090-SGQXL,3
6595-YGXIT,3
7353-YOWFP,4
9835-ZIITK,3
8008-ESFLK,0
7537-CBQUZ,3
1555-DJEQW,0
5649-TJHOV,3
0519-XUZJU,1
3363-EWLGO,4
4750-UKWJK,6
6338-AVWCY,1
1689-YQBYY,2
4487-ZYJZK,5
2959-FENLU,1
0708-LGSMF,2
9253-QXKBE,3
7634-HLQJR,5
0487-RPVUM,0
4079-ULGFR,4
2516-XSJKX,0
0057-QBUQH,5
9445-SZLCH,2
6599-SFQVE,1
8331-ZXFOE,0
4003-FUSHP,2
0356-ERHVT,1
7325-ENZFI,1
4884-ZTHVF,3
3920-HIHMQ,2
3055-OYMSE,3
0613-WUXUM,5
7568-PODML,1
4458-KVRBJ,5
5349-IECLD,1
1397-XKKWR,1
3945-GFWQL,2
8097-OMULG,0
6013-BHCAW,0
0401-WDBXM,0
3387-PLKUI,4
6096-EGVTU,5
3797-VTIDR,1
5081-NWSUP,1
2580-ATZSQ,0
8085-MSNLK,0
9691-HKOVS,0
9881-VCZEP,2
9526-BIHHD,1
8757-TFHHJ,1
4523-WXCEF,0
1468-DEFNC,6
5119-KEPFY,2
8364-TRMMK,1
0916-KNFAJ,0
8319-QBEHW,1
3063-QFSZL,1
8775-LHDJH,3
9625-QNLUX,0
3097-NQYSN,3
4024-CSNBY,0
7110-BDTWG,0
7493-GVFIO,5
0690-SRQID,4
9605-WGJVW,3
9114-DPSIA,0
4700-UBQMV,2
7711-GQBZC,5
3565-UNOCC,3
4627-MIHJH,3
9795-NREXC,0
8573-CGOCC,4
7356-AYNJP,4
9249-FXSCK,0
5493-SDRDQ,1
6286-SUUWT,4
4819-HJPIW,1
8654-DHAOW,1
5438-QMDDL,2
9812-GHVRI,2
5553-AOINX,3
1228-ZLNBX,2
4226-KKDON,1
3831-YCPUO,0
7445-WMRBW,0
3308-DGHKL,5
9924-JPRMC,0
0080-EMYVY,2
6218-KNUBD,1
7337-CINUD,4
7609-NRNCA,4
0623-EJQEG,0
7153-CHRBV,0
0871-URUWO,2
9190-MFJLN,3
6198-PNNSZ,0
3317-VLGQT,2
4132-POCZS,0
5614-DNZCE,0
1095-JUDTC,3
3896-RCYYE,0
9638-JIQYA,1
3258-SANFR,3
3726-TBHQT,0
3190-ITQXP,5
0870-VEMYL,1
4833-QTJNO,3
3039-MJSLN,4
0178-CIIKR,4
5385-SUIRI,3
3982-XWFZQ,2
5774-QPLTF,5
2322-VCZHZ,3
5010-IPEAQ,0
4009-ALQFH,2
6383-ZTSIW,3
8990-YOZLV,0
3069-SSVSN,1
5222-IMUKT,2
3627-FCRDW,1
7562-GSUHK,2
6685-XSHHU,5
8901-UPRHR,0
4903-UYAVB,4
0118-JPNOY,3
6776-TLWOI,4
3845-FXCYS,4
5857-XRECV,4
0725-CXOTM,2
4343-EJVQB,1
9000-PLFUZ,3
3427-GGZZI,2
7779-ORAEL,3
0644-OQMDK,3
4077-CROMM,2
3154-CFSZG,2
2868-MZAGQ,1
4847-QNOKA,1
2220-IAHLS,4
1658-XUHBX,3
6379-RXJRQ,1
2378-HTWFW,3
8650-RHRKE,1
4377-VDHYI,2
0475-RIJEP,2
1260-TTRXI,1
3719-TDVQB,6
6328-ZPBGN,3
0201-MIBOL,3
4937-QPZPO,0
2925-VDZHY,0
6981-TDRFT,1
3413-CSSTH,2
8033-VCZGH,0
4789-KWMXN,0
0224-NIJLP,4
7542-CYDDM,4
4718-WXBGI,0
2867-UIMSS,1
8495-PRWFH,3
0439-IFYUN,3
5716-LIBJC,2
2868-LLSKM,0
8111-RKSPX,1
2988-QRAJY,0
1585-MQSSU,2
0071-NDAFP,5
2856-NNASM,3
7328-ZJAJO,5
6458-CYIDZ,3
8559-CIZFV,2
1090-PYKCI,0
3058-WQDRE,1
7547-EKNFS,2
2279-AXJJK,0
6769-DYBQN,3
0909-SELIE,0
3417-TSCIC,1
1042-HFUCW,2
4439-JMPMT,1
6537-OTKMY,1
8999-EXMNO,4
6725-TPKJO,5
2446-BEGGB,3
7162-WPHPM,0
1599-MMYRQ,0
8821-KVZKQ,0
1496-GGSUK,3
6434-TTGJP,1
0042-JVWOJ,4
0130-SXOUN,0
2575-GFSOE,1
2330-PQGDQ,0
1452-UZOSF,0
2097-YVPKN,5
2842-JTCCU,1
8597-CTXVJ,0
6631-HMANX,0
9962-BFPDU,4
3296-SILRA,3
9681-OXGVC,1
6394-HHHZM,4
5995-LFTLE,5
5180-UCIIQ,3
1932-UEDCX,3
7153-OANIO,1
5188-HGMLP,3
0665-XHDJU,0
6521-YYTYI,1
8878-HMWBV,1
8265-HKSOW,0
3544-FBCAS,0
5331-RGMTT,3
4759-PXTAN,0
7054-DMVAS,0
3428-MMGUB,0
6549-BTYPG,0
7823-JSOAG,1
3705-RHRFR,0
9374-YOLBJ,4
9074-KGVOX,1
6128-DAFVY,0
9933-QRGTX,0
4476-OSWTN,3
3751-KTZEL,1
1977-STDKI,3
5066-GFJMM,4
2661-GKBTK,0
0458-HEUZG,1
7268-WNTCP,5
0824-VWDPO,0
8409-WQJUX,1
2578-JQPHZ,0
3278-FSIXX,1
5813-UECBU,3
0328-GRPMV,1
9746-UGFAC,4
2946-KIQSP,1
0625-AFOHS,4
6726-WEXXK,3
4636-OLWOE,0
4342-HENTK,3
4685-ERGHK,0
0885-HMGPY,0
5003-OKNNK,4
4195-SMMNX,4
7208-PSIHR,0
4012-ZTHBR,2
0489-WMEMG,2
7435-ZNUYY,4
1354-YZFNB,4
6956-SMUCM,1
2985-FMWYF,2
2812-ENYMO,1
2717-HVIZY,4
3223-WZWJM,2
3422-GALYP,1
9053-JZFKV,0
2530-ENDWQ,0
2890-WFBHU,0
0327-WFZSY,2
7977-HXJKU,4
6615-ZGEDR,4
7033-CLAMM,5
4023-RTIQM,3
0864-FVJNJ,0
7356-IWLFW,2
9541-PWTWO,0
3967-VQOGC,5
7872-RDDLZ,3
9250-WYPLL,1
6308-CQRBU,0
2754-XBHTB,1
1597-LHYNC,3
0186-CAERR,0
3043-SUDUA,4
5442-BHQNG,1
2169-RRLFW,5
5872-OEQNH,0
3162-KKZXO,3
7055-VKGDA,0
0754-UKWQP,1
8873-GLDMH,1
5696-JVVQY,0
8946-BFWSG,5
7493-TPUWZ,1
0547-HURJB,4
8904-OPDCK,3
8845-LWKGE,2
1577-HKTFG,4
8752-STIVR,1
0691-NIKRI,2
5022-JNQEQ,1
4558-FANTW,2
3249-VHRIP,0
3736-BLEPA,2
4701-LKOZD,0
6603-QWSPR,0
9921-QFQUL,2
1929-ZCBHE,1
4378-MYPGO,0
8651-ENBZX,3
4129-LYCOI,0
7798-JVXYM,2
8647-SDTWQ,0
2696-ECXKC,0
2081-KJSQF,4
7623-TRNQN,1
3323-CPBWR,2
9330-IJWIO,2
3384-CTMSF,0
0902-RFHOF,4
9286-DOJGF,3
6048-QBXKL,3
9661-MHUMO,3
7718-RXDGG,2
1025-FALIX,2
3451-VAWLI,5
3407-QGWLG,4
1842-EZJMK,0
2347-WKKAE,2
8735-DCXNF,1
3214-IYUUQ,0
1936-UAFEH,0
3587-PMCOY,1
8079-XRJRS,0
1027-LKKQQ,0
7148-XZPHA,0
8073-IJDCM,4
5309-TAIKL,1
6856-RAURS,1
8778-LMWTJ,1
9717-IOAAF,5
8884-ADFVN,3
2845-KDHVX,0
0848-SOMKO,0
2720-WGKHP,3
6734-FQAJX,3
2869-ADAWR,2
1535-VTJOQ,4
6368-TZZDT,4
0943-ZQPXH,2
1293-BSEUN,5
9894-EZEWG,1
1302-TPUBN,5
7851-FLGGQ,1
0637-UBJRP,2
0940-OUQEC,1
2378-VTKDH,3
0927-CNGRH,4
8608-OZTLB,2
2335-GSODA,1
1952-DVVSW,4
0702-PGIBZ,1
6656-GULJQ,0
9853-JFZDU,2
1963-VAUKV,4
3777-XROBG,5
6994-FGRHH,0
4000-VGMQP,2
3999-WRNGR,0
3466-RITXD,2
2680-XKKNJ,1
3058-HJCUY,2
2974-GGUXS,3
7994-XIRTR,3
3259-FDWOY,0
2101-RANCD,0
7921-BEPCI,0
0807-ZABDG,1
8510-TMWYB,0
3258-ZKPAI,0
1428-IEDPR,0
5298-GSTLM,3
4450-YOOHP,1
6728-CZFEI,2
5748-RNCJT,0
3653-NCRDJ,5
6121-TNHBO,3
5119-NZPTV,3
6519-ZHPXP,0
7739-LAXOG,2
3472-QPRCH,5
8224-UAXBZ,0
9610-WCESF,0
9776-CLUJA,3
2486-WYVVE,2
3865-ZYKAD,3
1422-DGUBX,2
2999-AANRQ,2
8668-KNZTI,0
0480-KYJVA,5
6034-ZRYCV,0
9746-YKGXB,1
3926-YZVVX,2
6000-UKLWI,5
2079-FBMZK,1
6332-FBZRI,0
2096-XOTMO,4
3266-FTKHB,4
8221-EQDGL,2
2346-LOCWC,5
6608-QQLVK,1
0298-XACET,0
7560-QJAVJ,0
2995-YWTCD,4
3551-HUAZH,3
9137-UIYPG,2
2809-ZMYOQ,2
5084-OOVCJ,2
0254-WWRKD,0
7727-SHVZV,4
6302-JGYRJ,2
5339-PXDVH,1
2205-LPVGL,3
8782-NUUOL,0
3685-YLCMQ,0
7601-WFVZV,4
4609-KNNWG,4
4868-AADLV,3
9529-OFXHY,2
8634-MPHTR,3
2669-QVCRG,2
2478-EEWWM,0
9174-IHETN,0
2233-TXSIU,1
9644-UMGQA,1
3256-EZDBI,3
8761-NSOBC,2
0419-YAAPX,0
8413-VONUO,1
0872-CASZJ,0
4726-DLWQN,3
8164-OCKUJ,5
3094-JOJAI,2
9494-MRNYX,1
2599-CZABP,2
7945-PRBVF,5
4544-RXFMG,1
0859-YGKFW,4
1150-FTQGN,0
9223-UCPVT,1
7196-LIWRH,4
5448-VWNAM,2
1177-XZBJL,0
3518-FSTWG,3
9330-VOFSZ,0
4351-QLCSU,1
0939-EREMR,2
9389-ACWBI,1
5419-JPRRN,1
3644-QXEHN,2
2911-IJORQ,2
5921-NGYRH,0
2100-BDNSN,1
5998-DZLYR,0
0488-GSLFR,1
9318-NKNFC,4
3985-HOYPM,4
9728-FTTVZ,1
9548-LERKT,4
6576-FBXOJ,1
4310-KEDTB,1
7254-IQWOZ,1
2474-BRUCM,3
4062-HBMOS,0
0742-NXBGR,1
2676-ISHSF,4
9236-NDUCW,1
4753-PADAS,0
6103-QCKFX,2
7781-EWARA,0
6110-OHIHY,1
7018-FPXHH,0
5889-LFOLL,2
5708-EVONK,0
8708-XPXHZ,2
0616-ATFGB,3
0572-ZJKLT,0
5135-RDDQL,0
1353-LJWEM,1
1794-SWWKL,2
6166-YIPFO,0
7016-BPGEU,1
6876-ADESB,1
9332-GYWLO,1
1963-SVUCV,1
4184-VODJZ,0
0220-EBGCE,1
1092-WPIVQ,4
7233-IOQNP,1
2834-JKOOW,1
2754-VDLTR,1
2400-FEQME,5
3190-XFANI,0
7551-DACSP,1
4957-SREEC,5
7235-NXZCP,3
0230-UBYPQ,3
4923-ADWXJ,2
1763-KUAAW,6
1104-TNLZA,3
5195-KPUNQ,3
0520-FDVVT,2
3439-GVUSX,1
1444-VVSGW,0
5712-PTIWW,1
5949-HGVJL,2
5203-XEHAX,2
1635-HDGFT,4
3315-TOTBP,2
8050-XGRVL,0
6661-HBGWL,3
1518-VOWAV,1
9828-QHFBK,2
3908-MKIMJ,3
5012-YSPJJ,2
5909-ECHUI,1
1309-BXVOQ,2
6728-VOIFY,0
9317-WZPGV,3
4891-NLUBA,0
2856-HYAPG,1
8969-PRHFK,4
0661-KQHNK,4
8709-KRDVL,2
4488-PSYCG,4
1427-VERSM,0
9801-NOSHQ,4
6339-YPSAH,1
3621-CEOVK,3
6906-ANDWJ,2
2159-TURXX,4
1548-FEHVL,0
3795-CAWEX,0
6215-NQCPY,2
5647-URDKA,4
2229-DPMBI,4
9626-WEQRM,1
2188-SXWVT,2
6258-PVZWJ,0
1094-BKOSX,1
6969-MVBAI,3
2978-XXSOG,2
2342-CKIAO,4
6953-PBDIN,0
3898-BSJYF,1
3938-YFPXD,0
7696-AMHOD,0
2453-SAFNS,3
9558-IHEZX,0
9617-UDPEU,4
6340-DACFT,5
4955-VCWBI,5
6813-GZQCG,5
7426-GSWPO,3
3389-KTRXV,4
3118-UHVVQ,5
1031-IIDEO,1
5832-XKAES,1
3205-MXZRA,2
4701-AHWMW,0
8317-BVKSO,4
5702-KVQRD,0
0083-PIVIK,0
9210-IAHGH,1
6169-PGNCD,0
0023-XUOPT,2
4592-IWTJI,1
4909-JOUPP,3
4657-FWVFY,2
2257-BOVXD,2
7729-JTEEC,1
7632-MNYOY,3
6518-LGAOV,2
7242-QZLXF,1
4576-CSAJH,2
1000-AJSLD,4
9696-RMYBA,1
8690-UPCZI,2
1062-LHZOD,1
9770-LXDBK,4
4086-WITJG,5
8344-WFMFH,1
9600-NAXZN,2
8822-KNBHV,0
8404-FYDIB,2
2791-SFVEW,4
6457-USBER,1
6762-NSODU,5
4662-EKDPQ,1
9248-OJYKK,3
9888-ZCUMM,0
3398-FSHON,3
3319-DWOEP,3
1074-WVEVG,5
9979-RGMZT,1
6437-UDQJM,3
1226-IENZN,3
2108-GLPQB,2
9259-PACGQ,2
4415-IJZTP,1
1465-VINDH,1
5474-LAMUQ,4
3468-DRVQJ,1
1122-YJBCS,0
4990-ALDGW,5
4816-OKWNX,0
3315-IKYZQ,1
2810-FTLEM,2
4747-LCAQL,2
3411-WLRSQ,3
0898-XCGTF,0
8006-PYCSW,4
8249-THVEC,5
8722-PRFDV,0
2164-SOQXL,4
4020-KIUDI,4
5850-BDWCY,4
2038-YSEZE,2
0827-ITJPH,5
8799-OXZMD,1
1925-TIBLE,1
1705-GUHPV,5
4779-ZGICK,5
0048-PIHNL,5
0818-OCPZO,3
3967-KXAPS,0
1447-GIQMR,1
3704-IEAXF,0
6810-VCAEX,1
0674-EYYZV,1
4480-MBMLB,2
1395-OFUWC,1
0822-QGCXA,3
0872-NXJYS,1
2832-KJCRD,2
3588-WSTTJ,3
4075-WKNIU,1
5090-EMGTC,0
2346-CZYIL,4
3798-EPWRR,3
6258-NGCNG,4
4186-ZBUEW,2
5274-XHAKY,2
1442-BQPVU,1
3978-YNKDD,4
4940-KHCWD,0
9412-ARGBX,0
1389-CXMLU,3
9589-ABEPT,0
9388-ZEYVT,1
0305-SQECB,1
7605-SNLQG,2
4670-TABXH,0
5561-NWEVX,3
0064-SUDOG,4
8561-NMTBD,0
5161-XEUVX,2
8292-FRFZQ,1
8591-NXRCV,2
7895-VONWT,1
4526-RMTLL,1
6253-GNHWH,0
4566-NECEV,1
8080-POTJR,2
6906-MPARY,2
3662-FXJFO,5
8107-RZLNV,0
0516-OOHAR,2
2027-CWDNU,2
2737-WFVYW,1
9912-OMZDS,0
3733-ZEECP,2
7878-RTCZG,4
2452-MRMZF,6
2272-QAGFO,3
7103-IPXPJ,0
4342-HFXWS,0
3545-CNWRG,0
1785-BPHTP,2
4989-LIXVT,3
7315-WYOAW,2
1173-XZPYF,1
9850-OWRHQ,1
3768-NLUBH,3
8676-TRMJS,1
2509-TFPJU,5
9530-GRMJG,0
6898-RBTLU,0
5481-NTDOH,3
2068-WWXQZ,5
7359-SSBJK,3
2061-VVFST,5
0685-MLYYM,3
0749-IRGQE,3
2380-DAMQP,0
2256-YLYLP,0
1272-ILHFG,4
0164-XAIRP,4
5666-CYCYZ,2
4011-ARPHK,2
8182-PNAGI,2
6365-HITVU,0
7558-IMLMT,5
9488-FYQAU,0
3590-TCXTB,4
6994-KERXL,1
7957-RYHQD,3
2180-DXNEG,2
1960-UOTYM,0
2740-JFBOK,4
6500-JVEGC,0
5515-AKOAJ,0
8976-OQHGT,1
5245-VDBUR,1
6230-BSUXY,3
8469-SNFFH,0
2144-ESWKO,1
1241-FPMOF,5
9928-BZVLZ,1
4114-QMKVN,0
2775-SEFEE,1
9003-CPATH,2
1754-GKYPY,3
5294-CDGWY,0
7956-XQWGU,4
1591-MQJTP,3
5295-PCJOO,1
2369-FEVNO,4
9863-JZAIC,2
7471-MQPOS,3
7660-HDPJV,1
5115-SQAAU,5
9845-QOMAD,4
7672-VFMXZ,0
9739-JLPQJ,0
9916-AYHTC,5
3855-ONCAR,1
1488-SYSFC,4
7931-PXHFC,2
3990-QYKBE,3
0970-QXPXW,4
3259-KNMRR,3
6120-RJKLU,3
9572-WUKSB,1
5893-KCLGT,5
0076-LVEPS,1
3640-JQGJG,2
4919-MOAVT,1
1596-OQSPS,1
9867-XOBQA,1
9546-KDTRB,4
3090-HAWSU,0
9820-RMCQV,1
3174-RKMOW,2
1760-CAZHT,4
7839-QRKXN,4
8441-SHIPE,5
5204-QZXPU,1
4597-ELFTS,5
1320-GVNHT,0
1047-RNXZV,5
3541-ZNUHK,0
8450-JOVAH,1
8725-JEDFD,2
7562-UXTPG,2
8071-SBTRN,0
1113-IUJYX,2
6668-CNMFP,2
5626-MGTUK,2
5681-LLOEI,2
8212-DJRCH,1
4323-OHFOW,3
4933-BSAIP,5
2030-BTZRO,4
1116-DXXDF,2
9274-CNFMO,3
7758-XKCBS,1
8992-JQYUN,1
6563-VNPMN,3
0617-AQNWT,0
2267-WTPYD,3
0270-THENM,0
2446-PLQVO,1
4707-MAXGU,5
2710-WYVXG,1
3005-NFMTA,3
6300-BWMJX,0
8784-CGILN,2
5389-FFVKB,3
7009-LGECI,1
8444-WRIDW,3
5022-KVDQT,2
7976-CICYS,4
1036-GUDCL,0
2005-DWQZJ,4
8148-WOCMK,4
7815-PDTHL,4
9451-LPGOO,1
9173-IVZVP,5
9129-UXERG,3
3635-JBPSG,1
7964-ZRKKG,0
5868-YWPDW,3
6229-LSCKB,3
2025-JKFWI,2
4078-SAYYN,1
1724-IQWNM,4
8217-QYOHV,1
5546-QUERU,4
9940-HPQPG,1
6897-UUBNU,2
6127-IYJOZ,3
6618-RYATB,1
8930-XOTDP,2
5916-QEWPT,1
5060-TQUQN,2
0531-XBKMM,0
8465-SBRXP,2
2408-PSJVE,2
9079-YEXQJ,0
9700-ZCLOT,4
8738-JOKAR,2
4534-WGCIR,5
1930-WNXSB,0
2685-SREOM,2
3508-CFVZL,0
0402-CQAJN,2
6692-UDPJC,2
1273-MTETI,3
0657-DOGUM,0
5480-HPRRX,3
8792-AOROI,1
0295-PPHDO,1
5146-YYFRZ,5
1195-OIYEJ,2
5906-CVLHP,2
3452-SRFEG,0
4070-OKWVH,0
5297-MDOIR,0
6369-MCAKO,0
4926-UMJZD,2
6848-HJTXY,5
6341-AEVKX,0
4501-EQDRN,1
2990-HWIML,1
0682-USIXD,2
6976-BWGLQ,5
7078-NVFAM,1
8065-QBYTO,3
2133-TSRRM,2
7384-GHBPI,1
7603-USHJS,2
7234-FECYN,3
2511-ALLCS,5
3191-CSNMG,1
7952-OBOYL,1
7470-DYNOE,0
7853-OETYL,1
1545-ACTAS,0
5876-HZVZM,1
1400-MMYXY,3
5126-RCXYW,0
3085-QUOZK,1
2363-BJLSL,0
1956-YIFGE,2
3926-CUQZX,1
7921-LMDFQ,3
2925-MXLSX,2
5820-PTRYM,3
9609-BENEA,2
6211-WHMYA,3
4459-BBGHE,1
9945-PSVIP,4
1041-RXHRA,2
1750-CSKKM,1
9108-EJFJP,1
0530-IJVDB,0
0508-SQWPL,5
2215-ZAFGX,1
8213-TAZPM,0
7142-HVGBG,3
1304-SEGFY,0
7242-EDTYC,5
2904-GGUAZ,0
8267-ZNYVZ,2
5136-GFPMB,0
2595-KIWPV,4
5243-SAOTC,0
9398-MMQTO,1
7619-PLRLP,0
6457-GIRWB,1
6508-NJYRO,4
1450-SKCVI,0
4710-NKCAW,1
5306-BVTKJ,0
0357-NVCRI,4
5570-PTWEH,1
2371-KFUOG,0
0463-ZSDNT,1
6502-MJQAE,1
6257-DTAYD,0
4616-ULAOA,0
7693-LCKZL,1
7746-AWNQW,1
5996-EBTKM,0
2758-RNWXS,2
2314-TNDJQ,0
2405-LBMUW,0
3454-JFUBC,6
0032-PGELS,1
9039-ZVJDC,4
6797-LNAQX,0
9013-AQORL,0
2898-MRKPI,0
2750-BJLSB,0
3648-GZPHF,1
2075-RMJIK,1
9588-YRFHY,5
6394-MFYNG,0
1564-NTYXF,3
9364-YKUVW,4
5392-AKEMH,2
2451-YMUXS,3
3914-FDRHP,1
3078-ZKNTS,4
1024-KPRBB,2
4690-PKDQG,3
8155-IBNHG,2
0886-QGENL,3
9547-ITEFG,1
1264-FUHCX,0
7789-CRUVC,3
6598-KELSS,1
8739-WWKDU,3
8685-WHQPW,3
4745-LSPLO,4
8083-YTZES,1
7240-FQLHE,3
6664-FPDAC,3
9972-VAFJJ,3
0422-UXFAP,0
1904-WAJAA,2
5130-YPIRV,0
2843-CQMEG,2
6439-PKTRR,0
5351-QESIO,1
0786-VSSUD,3
5568-DMXZS,1
8468-FZTOE,0
6633-SYEUS,2
6447-GORXK,1
6967-PEJLL,1
3976-BWUCK,2
5981-ZVXOT,3
1684-FLBGS,2
1389-WNUIB,2
0376-OIWME,2
3585-ISXZP,1
0218-QNVAS,0
6583-QGCSI,3
0804-YGEQV,5
7164-BPTUT,0
4174-LPGTI,2
2523-EWWZL,2
0928-XUTSN,2
2108-XWMPY,1
0052-YNYOT,5
6304-IJFSQ,1
9586-JGQKH,0
4501-VCPFK,1
6075-SLNIL,2
9347-AERRL,4
0093-XWZFY,2
2274-XUATA,3
1980-KXVPM,3
7703-ZEKEF,2
0723-DRCLG,3
5482-NUPNA,1
6691-CCIHA,0
1685-BQULA,2
9053-EJUNL,2
0666-UXTJO,3
1471-GIQKQ,1
4807-IZYOZ,5
1122-JWTJW,1
9710-NJERN,4
9837-FWLCH,4
1699-HPSBG,2
7203-OYKCT,0
1035-IPQPU,3
7398-LXGYX,2
2823-LKABH,2
8775-CEBBJ,1
0550-DCXLH,2
9281-CEDRU,0
2235-DWLJU,3
0871-OPBXW,4
3605-JISKB,3
6894-LFHLY,3
9767-FFLEM,2
0639-TSIQW,0
8456-QDAVC,2
7750-EYXWZ,1
2569-WGERO,5
6840-RESVB,2
2234-XADUH,0
4801-JZAZL,1
8361-LTMKD,3
3186-AJIEK,0
